


use db_covid19;
-- INSERTS COUNTRY




START TRANSACTION;
INSERT INTO `country` (`id_country`, `name`, `lon`, `lat`, `status`, `tx_id`, `tx_date`, `tx_host`, `tx_update`) VALUES (1, 'Bolivia', -65.2696, -19.031, 1, 1, '2021-04-11 14:43:45', '192.168.31.150', '2021-04-11 14:43:45');
INSERT INTO `country` (`id_country`, `name`, `lon`, `lat`, `status`, `tx_id`, `tx_date`, `tx_host`, `tx_update`) VALUES (2, 'Paraguay', -57.5775, -25.2644, 1, 1, '2021-04-11 14:43:45', '192.168.128.6', '2021-04-11 14:43:45');
INSERT INTO `country` (`id_country`, `name`, `lon`, `lat`, `status`, `tx_id`, `tx_date`, `tx_host`, `tx_update`) VALUES (3, 'Argentina', -58.6341, -34.7316, 1, 1, '2021-04-11 14:43:45', '192.168.128.6', '2021-04-11 14:43:45');
INSERT INTO `country` (`id_country`, `name`, `lon`, `lat`, `status`, `tx_id`, `tx_date`, `tx_host`, `tx_update`) VALUES (4, 'Chile', -70.6605, -33.434, 1, 1, '2021-04-11 14:43:45', '192.168.128.6', '2021-04-11 14:43:45');
INSERT INTO `country` (`id_country`, `name`, `lon`, `lat`, `status`, `tx_id`, `tx_date`, `tx_host`, `tx_update`) VALUES (5, 'Peru', -76.9938, -12.0066, 1, 1, '2021-04-11 14:43:45', '192.168.128.6', '2021-04-11 14:43:45');
INSERT INTO `country` (`id_country`, `name`, `lon`, `lat`, `status`, `tx_id`, `tx_date`, `tx_host`, `tx_update`) VALUES (6, 'Brazil', -47.8851, -15.8036, 1, 1, '2021-04-11 14:43:45', '192.168.128.6', '2021-04-11 14:43:45');
INSERT INTO `country` (`id_country`, `name`, `lon`, `lat`, `status`, `tx_id`, `tx_date`, `tx_host`, `tx_update`) VALUES (7, 'Uruguay', -56.1826, -34.7589, 1, 1, '2021-04-11 14:43:45', '192.168.128.6', '2021-04-11 14:43:45');
INSERT INTO `country` (`id_country`, `name`, `lon`, `lat`, `status`, `tx_id`, `tx_date`, `tx_host`, `tx_update`) VALUES (8, 'Ecuador', -78.4571, -0.137592, 1, 1, '2021-04-11 14:43:45', '192.168.128.6', '2021-04-11 14:43:45');
INSERT INTO `country` (`id_country`, `name`, `lon`, `lat`, `status`, `tx_id`, `tx_date`, `tx_host`, `tx_update`) VALUES (9, 'Colombia', -74.0678, 4.709, 1, 1, '2021-04-11 14:43:45', '192.168.128.6', '2021-04-11 14:43:45');
INSERT INTO `country` (`id_country`, `name`, `lon`, `lat`, `status`, `tx_id`, `tx_date`, `tx_host`, `tx_update`) VALUES (10, 'Venezuela', -66.9995, 10.4263, 1, 1, '2021-04-11 14:43:45', '192.168.128.6', '2021-04-11 14:43:45');
COMMIT;

-- INSERTS CITY
START TRANSACTION;
INSERT INTO `city` (`id_city`, `city`, `lon`, `lat`, `status`, `tx_id`, `tx_date`, `tx_host`, `tx_update`) VALUES (1, 'La Paz', -68.0697, -16.0835, 1, 1, '2021-04-11 14:43:45', '192.168.31.150', '2021-04-11 14:43:45');
INSERT INTO `city` (`id_city`, `city`, `lon`, `lat`, `status`, `tx_id`, `tx_date`, `tx_host`, `tx_update`) VALUES (2, 'Santa Cruz', -61.0566, -17.7097, 1, 1, '2021-04-11 14:43:45', '192.168.31.150', '2021-04-11 14:43:45');
INSERT INTO `city` (`id_city`, `city`, `lon`, `lat`, `status`, `tx_id`, `tx_date`, `tx_host`, `tx_update`) VALUES (3, 'Cochabamba', -65.0579, -17.1983, 1, 1, '2021-04-11 14:43:45', '192.168.31.150', '2021-04-11 14:43:45');
INSERT INTO `city` (`id_city`, `city`, `lon`, `lat`, `status`, `tx_id`, `tx_date`, `tx_host`, `tx_update`) VALUES (4, 'Tarija', -64.1447, -21.6005, 1, 1, '2021-04-11 14:43:45', '192.168.31.150', '2021-04-11 14:43:45');
INSERT INTO `city` (`id_city`, `city`, `lon`, `lat`, `status`, `tx_id`, `tx_date`, `tx_host`, `tx_update`) VALUES (5, 'Chuquisaca', -64.3766, -19.7981, 1, 1, '2021-04-11 14:43:45', '192.168.31.150', '2021-04-11 14:43:45');
INSERT INTO `city` (`id_city`, `city`, `lon`, `lat`, `status`, `tx_id`, `tx_date`, `tx_host`, `tx_update`) VALUES (6, 'Oruro', -67.9526, -19.3581, 1, 1, '2021-04-11 14:43:45', '192.168.31.150', '2021-04-11 14:43:45');
INSERT INTO `city` (`id_city`, `city`, `lon`, `lat`, `status`, `tx_id`, `tx_date`, `tx_host`, `tx_update`) VALUES (7, 'Pando', -66.7855, -11.5978, 1, 1, '2021-04-11 14:43:45', '192.168.31.150', '2021-04-11 14:43:45');
INSERT INTO `city` (`id_city`, `city`, `lon`, `lat`, `status`, `tx_id`, `tx_date`, `tx_host`, `tx_update`) VALUES (8, 'Beni', -64.827, -14.0017, 1, 1, '2021-04-11 14:43:45', '192.168.31.150', '2021-04-11 14:43:45');
INSERT INTO `city` (`id_city`, `city`, `lon`, `lat`, `status`, `tx_id`, `tx_date`, `tx_host`, `tx_update`) VALUES (9, 'Potosi', -67.129, -21.2568, 1, 1, '2021-04-11 14:43:45', '192.168.31.150', '2021-04-11 14:43:45');
COMMIT;


-- INSERTS MUNICIPALITY
START TRANSACTION;
INSERT INTO municipality(id_municipality, id_city, municipality, lon, lat, status, tx_id, tx_date, tx_host, tx_update) VALUES (null, 8, 'TRINIDAD', -64.90364975, -14.83147518, 1, 1, '2021-04-11 14:43:45', '192.168.128.6', '2021-04-11 14:43:45');
INSERT INTO municipality(id_municipality, id_city, municipality, lon, lat, status, tx_id, tx_date, tx_host, tx_update) VALUES (null, 8, 'RIBERALTA', -66.05989032, -11.00796474, 1, 1, '2021-04-11 14:43:45', '192.168.128.6', '2021-04-11 14:43:45');
INSERT INTO municipality(id_municipality, id_city, municipality, lon, lat, status, tx_id, tx_date, tx_host, tx_update) VALUES (null, 8, 'GUAYARAMERÍN', -65.36840324, -10.82467262, 1, 1, '2021-04-11 14:43:45', '192.168.128.6', '2021-04-11 14:43:45');
INSERT INTO municipality(id_municipality, id_city, municipality, lon, lat, status, tx_id, tx_date, tx_host, tx_update) VALUES (null, 8, 'SANTA ANA DE YACUMA', -65.42062295, -13.74038405, 1, 1, '2021-04-11 14:43:45', '192.168.128.6', '2021-04-11 14:43:45');
INSERT INTO municipality(id_municipality, id_city, municipality, lon, lat, status, tx_id, tx_date, tx_host, tx_update) VALUES (null, 8, 'RURRENABAQUE', -67.535012, -14.43110263, 1, 1, '2021-04-11 14:43:45', '192.168.128.6', '2021-04-11 14:43:45');
INSERT INTO municipality(id_municipality, id_city, municipality, lon, lat, status, tx_id, tx_date, tx_host, tx_update) VALUES (null, 8, 'SAN BORJA', -66.7450719, -14.8589609, 1, 1, '2021-04-11 14:43:45', '192.168.128.6', '2021-04-11 14:43:45');
INSERT INTO municipality(id_municipality, id_city, municipality, lon, lat, status, tx_id, tx_date, tx_host, tx_update) VALUES (null, 8, 'SANTA ROSA', -66.79219737, -14.07430871, 1, 1, '2021-04-11 14:43:45', '192.168.128.6', '2021-04-11 14:43:45');
INSERT INTO municipality(id_municipality, id_city, municipality, lon, lat, status, tx_id, tx_date, tx_host, tx_update) VALUES (null, 8, 'SAN JOAQUÍN', -64.66342468, -13.04791478, 1, 1, '2021-04-11 14:43:45', '192.168.128.6', '2021-04-11 14:43:45');
INSERT INTO municipality(id_municipality, id_city, municipality, lon, lat, status, tx_id, tx_date, tx_host, tx_update) VALUES (null, 8, 'REYES', -67.3303555, -14.29030517, 1, 1, '2021-04-11 14:43:45', '192.168.128.6', '2021-04-11 14:43:45');
INSERT INTO municipality(id_municipality, id_city, municipality, lon, lat, status, tx_id, tx_date, tx_host, tx_update) VALUES (null, 8, 'SAN ANDRÉS', -64.70071606, -15.02503737, 1, 1, '2021-04-11 14:43:45', '192.168.128.6', '2021-04-11 14:43:45');
INSERT INTO municipality(id_municipality, id_city, municipality, lon, lat, status, tx_id, tx_date, tx_host, tx_update) VALUES (null, 8, 'MAGDALENA', -64.06594174, -13.26048167, 1, 1, '2021-04-11 14:43:45', '192.168.128.6', '2021-04-11 14:43:45');
INSERT INTO municipality(id_municipality, id_city, municipality, lon, lat, status, tx_id, tx_date, tx_host, tx_update) VALUES (null, 8, 'SAN IGNACIO', -65.63418943, -14.98321364, 1, 1, '2021-04-11 14:43:45', '192.168.128.6', '2021-04-11 14:43:45');
INSERT INTO municipality(id_municipality, id_city, municipality, lon, lat, status, tx_id, tx_date, tx_host, tx_update) VALUES (null, 8, 'BAURES', -63.68973264, -13.65159197, 1, 1, '2021-04-11 14:43:45', '192.168.128.6', '2021-04-11 14:43:45');
INSERT INTO municipality(id_municipality, id_city, municipality, lon, lat, status, tx_id, tx_date, tx_host, tx_update) VALUES (null, 8, 'SAN RAMÓN', -64.566278, -13.22918019, 1, 1, '2021-04-11 14:43:45', '192.168.128.6', '2021-04-11 14:43:45');
INSERT INTO municipality(id_municipality, id_city, municipality, lon, lat, status, tx_id, tx_date, tx_host, tx_update) VALUES (null, 8, 'EXALTACION', -65.23671486, -13.27878443, 1, 1, '2021-04-11 14:43:45', '192.168.128.6', '2021-04-11 14:43:45');
INSERT INTO municipality(id_municipality, id_city, municipality, lon, lat, status, tx_id, tx_date, tx_host, tx_update) VALUES (null, 8, 'LORETO', -64.76606278, -15.19449314, 1, 1, '2021-04-11 14:43:45', '192.168.128.6', '2021-04-11 14:43:45');
INSERT INTO municipality(id_municipality, id_city, municipality, lon, lat, status, tx_id, tx_date, tx_host, tx_update) VALUES (null, 8, 'HUACARAJE', -63.87881811, -13.59527805, 1, 1, '2021-04-11 14:43:45', '192.168.128.6', '2021-04-11 14:43:45');
INSERT INTO municipality(id_municipality, id_city, municipality, lon, lat, status, tx_id, tx_date, tx_host, tx_update) VALUES (null, 8, 'SAN JAVIER', -64.8779304260078, -14.596301191422382, 1, 1, '2021-04-11 14:43:45', '192.168.128.6', '2021-04-11 14:43:45');
INSERT INTO municipality(id_municipality, id_city, municipality, lon, lat, status, tx_id, tx_date, tx_host, tx_update) VALUES (null, 8, 'PUERTO SILES', -65.00400287, -12.80357935, 1, 1, '2021-04-11 14:43:45', '192.168.128.6', '2021-04-11 14:43:45');
INSERT INTO municipality(id_municipality, id_city, municipality, lon, lat, status, tx_id, tx_date, tx_host, tx_update) VALUES (null, 5, 'SUCRE', -65.25952786, -19.03650354, 1, 1, '2021-04-11 14:43:45', '192.168.128.6', '2021-04-11 14:43:45');
INSERT INTO municipality(id_municipality, id_city, municipality, lon, lat, status, tx_id, tx_date, tx_host, tx_update) VALUES (null, 5, 'MONTEAGUDO', -63.97732121, -19.82042077, 1, 1, '2021-04-11 14:43:45', '192.168.128.6', '2021-04-11 14:43:45');
INSERT INTO municipality(id_municipality, id_city, municipality, lon, lat, status, tx_id, tx_date, tx_host, tx_update) VALUES (null, 5, 'CAMARGO', -65.20712051, -20.64045123, 1, 1, '2021-04-11 14:43:45', '192.168.128.6', '2021-04-11 14:43:45');
INSERT INTO municipality(id_municipality, id_city, municipality, lon, lat, status, tx_id, tx_date, tx_host, tx_update) VALUES (null, 5, 'VILLA VACA GUZMÁN (MUYUPAMPA', -63.75318798, -19.89581216, 1, 1, '2021-04-11 14:43:45', '192.168.128.6', '2021-04-11 14:43:45');
INSERT INTO municipality(id_municipality, id_city, municipality, lon, lat, status, tx_id, tx_date, tx_host, tx_update) VALUES (null, 5, 'PADILLA', -64.30275038, -19.30879506, 1, 1, '2021-04-11 14:43:45', '192.168.128.6', '2021-04-11 14:43:45');
INSERT INTO municipality(id_municipality, id_city, municipality, lon, lat, status, tx_id, tx_date, tx_host, tx_update) VALUES (null, 5, 'CULPINA', -64.94397763, -20.82333963, 1, 1, '2021-04-11 14:43:45', '192.168.128.6', '2021-04-11 14:43:45');
INSERT INTO municipality(id_municipality, id_city, municipality, lon, lat, status, tx_id, tx_date, tx_host, tx_update) VALUES (null, 5, 'VILLA SERRANO', -64.32190329, -19.12271214, 1, 1, '2021-04-11 14:43:45', '192.168.128.6', '2021-04-11 14:43:45');
INSERT INTO municipality(id_municipality, id_city, municipality, lon, lat, status, tx_id, tx_date, tx_host, tx_update) VALUES (null, 5, 'SAN PABLO DE HUACARETA', -64.00066716, -20.35437625, 1, 1, '2021-04-11 14:43:45', '192.168.128.6', '2021-04-11 14:43:45');
INSERT INTO municipality(id_municipality, id_city, municipality, lon, lat, status, tx_id, tx_date, tx_host, tx_update) VALUES (null, 5, 'MACHARETI', -63.36106127, -20.81628558, 1, 1, '2021-04-11 14:43:45', '192.168.128.6', '2021-04-11 14:43:45');
INSERT INTO municipality(id_municipality, id_city, municipality, lon, lat, status, tx_id, tx_date, tx_host, tx_update) VALUES (null, 5, 'YOTALA', -65.26658046, -19.16164401, 1, 1, '2021-04-11 14:43:45', '192.168.128.6', '2021-04-11 14:43:45');
INSERT INTO municipality(id_municipality, id_city, municipality, lon, lat, status, tx_id, tx_date, tx_host, tx_update) VALUES (null, 5, 'SAN LUCAS', -65.12127263, -20.08762598, 1, 1, '2021-04-11 14:43:45', '192.168.128.6', '2021-04-11 14:43:45');
INSERT INTO municipality(id_municipality, id_city, municipality, lon, lat, status, tx_id, tx_date, tx_host, tx_update) VALUES (null, 5, 'EL VILLAR', -64.31207193, -19.62982366, 1, 1, '2021-04-11 14:43:45', '192.168.128.6', '2021-04-11 14:43:45');
INSERT INTO municipality(id_municipality, id_city, municipality, lon, lat, status, tx_id, tx_date, tx_host, tx_update) VALUES (null, 5, 'VILLA ALCALA', -64.36279234, -19.43714657, 1, 1, '2021-04-11 14:43:45', '192.168.128.6', '2021-04-11 14:43:45');
INSERT INTO municipality(id_municipality, id_city, municipality, lon, lat, status, tx_id, tx_date, tx_host, tx_update) VALUES (null, 5, 'INCAHUASI', -64.87136707, -20.77809158, 1, 1, '2021-04-11 14:43:45', '192.168.128.6', '2021-04-11 14:43:45');
INSERT INTO municipality(id_municipality, id_city, municipality, lon, lat, status, tx_id, tx_date, tx_host, tx_update) VALUES (null, 5, 'YAMPARÁEZ', -65.12656934, -19.19051118, 1, 1, '2021-04-11 14:43:45', '192.168.128.6', '2021-04-11 14:43:45');
INSERT INTO municipality(id_municipality, id_city, municipality, lon, lat, status, tx_id, tx_date, tx_host, tx_update) VALUES (null, 5, 'VILLA AZURDUY', -64.41222711, -20.10607178, 1, 1, '2021-04-11 14:43:45', '192.168.128.6', '2021-04-11 14:43:45');
INSERT INTO municipality(id_municipality, id_city, municipality, lon, lat, status, tx_id, tx_date, tx_host, tx_update) VALUES (null, 5, 'ICLA (R.MUJIA)', -64.79088832, -19.36132334, 1, 1, '2021-04-11 14:43:45', '192.168.128.6', '2021-04-11 14:43:45');
INSERT INTO municipality(id_municipality, id_city, municipality, lon, lat, status, tx_id, tx_date, tx_host, tx_update) VALUES (null, 5, 'PRESTO', -64.93775019, -18.93286744, 1, 1, '2021-04-11 14:43:45', '192.168.128.6', '2021-04-11 14:43:45');
INSERT INTO municipality(id_municipality, id_city, municipality, lon, lat, status, tx_id, tx_date, tx_host, tx_update) VALUES (null, 5, 'VILLA CHARCAS', -64.88166878, -20.7227375, 1, 1, '2021-04-11 14:43:45', '192.168.128.6', '2021-04-11 14:43:45');
INSERT INTO municipality(id_municipality, id_city, municipality, lon, lat, status, tx_id, tx_date, tx_host, tx_update) VALUES (null, 5, 'VILLA ABECIA', -65.2341556, -20.97257978, 1, 1, '2021-04-11 14:43:45', '192.168.128.6', '2021-04-11 14:43:45');
INSERT INTO municipality(id_municipality, id_city, municipality, lon, lat, status, tx_id, tx_date, tx_host, tx_update) VALUES (null, 5, 'HUACAYA', -63.61558082, -20.67420273, 1, 1, '2021-04-11 14:43:45', '192.168.128.6', '2021-04-11 14:43:45');
INSERT INTO municipality(id_municipality, id_city, municipality, lon, lat, status, tx_id, tx_date, tx_host, tx_update) VALUES (null, 5, 'TARABUCO', -64.91535902, -19.1828268, 1, 1, '2021-04-11 14:43:45', '192.168.128.6', '2021-04-11 14:43:45');
INSERT INTO municipality(id_municipality, id_city, municipality, lon, lat, status, tx_id, tx_date, tx_host, tx_update) VALUES (null, 5, 'ZUDAÑEZ', -64.69853371, -19.11558846, 1, 1, '2021-04-11 14:43:45', '192.168.128.6', '2021-04-11 14:43:45');
INSERT INTO municipality(id_municipality, id_city, municipality, lon, lat, status, tx_id, tx_date, tx_host, tx_update) VALUES (null, 5, 'SOPACHUY', -64.47577393, -19.48667118, 1, 1, '2021-04-11 14:43:45', '192.168.128.6', '2021-04-11 14:43:45');
INSERT INTO municipality(id_municipality, id_city, municipality, lon, lat, status, tx_id, tx_date, tx_host, tx_update) VALUES (null, 5, 'TARVITA (VILLA ARIAS)', -64.5746783, -19.78067465, 1, 1, '2021-04-11 14:43:45', '192.168.128.6', '2021-04-11 14:43:45');
INSERT INTO municipality(id_municipality, id_city, municipality, lon, lat, status, tx_id, tx_date, tx_host, tx_update) VALUES (null, 5, 'TOMINA', -64.46145207, -19.18602359, 1, 1, '2021-04-11 14:43:45', '192.168.128.6', '2021-04-11 14:43:45');
INSERT INTO municipality(id_municipality, id_city, municipality, lon, lat, status, tx_id, tx_date, tx_host, tx_update) VALUES (null, 5, 'VILLA MOJOCOYA', -64.62049007, -18.75984679, 1, 1, '2021-04-11 14:43:45', '192.168.128.6', '2021-04-11 14:43:45');
INSERT INTO municipality(id_municipality, id_city, municipality, lon, lat, status, tx_id, tx_date, tx_host, tx_update) VALUES (null, 5, 'LAS CARRERAS', -65.24665578, -21.20394209, 1, 1, '2021-04-11 14:43:45', '192.168.128.6', '2021-04-11 14:43:45');
INSERT INTO municipality(id_municipality, id_city, municipality, lon, lat, status, tx_id, tx_date, tx_host, tx_update) VALUES (null, 5, 'POROMA', -65.50000013, -18.4834946, 1, 1, '2021-04-11 14:43:45', '192.168.128.6', '2021-04-11 14:43:45');
INSERT INTO municipality(id_municipality, id_city, municipality, lon, lat, status, tx_id, tx_date, tx_host, tx_update) VALUES (null, 3, 'COCHABAMBA', -66.16328902, -17.40802885, 1, 1, '2021-04-11 14:43:45', '192.168.128.6', '2021-04-11 14:43:45');
INSERT INTO municipality(id_municipality, id_city, municipality, lon, lat, status, tx_id, tx_date, tx_host, tx_update) VALUES (null, 3, 'QUILLACOLLO', -66.28150328, -17.39045203, 1, 1, '2021-04-11 14:43:45', '192.168.128.6', '2021-04-11 14:43:45');
INSERT INTO municipality(id_municipality, id_city, municipality, lon, lat, status, tx_id, tx_date, tx_host, tx_update) VALUES (null, 3, 'SACABA', -66.03955193, -17.39809666, 1, 1, '2021-04-11 14:43:45', '192.168.128.6', '2021-04-11 14:43:45');
INSERT INTO municipality(id_municipality, id_city, municipality, lon, lat, status, tx_id, tx_date, tx_host, tx_update) VALUES (null, 3, 'TIQUIPAYA', -66.20988726, -17.15330704, 1, 1, '2021-04-11 14:43:45', '192.168.128.6', '2021-04-11 14:43:45');
INSERT INTO municipality(id_municipality, id_city, municipality, lon, lat, status, tx_id, tx_date, tx_host, tx_update) VALUES (null, 3, 'COLCAPIRHUA', -66.23130844, -17.39395319, 1, 1, '2021-04-11 14:43:45', '192.168.128.6', '2021-04-11 14:43:45');
INSERT INTO municipality(id_municipality, id_city, municipality, lon, lat, status, tx_id, tx_date, tx_host, tx_update) VALUES (null, 3, 'PUERTO VILLARROEL', -64.7963315, -16.83965647, 1, 1, '2021-04-11 14:43:45', '192.168.128.6', '2021-04-11 14:43:45');
INSERT INTO municipality(id_municipality, id_city, municipality, lon, lat, status, tx_id, tx_date, tx_host, tx_update) VALUES (null, 3, 'ENTRE RIOS (BULO BULO)', -64.36323876, -17.25593321, 1, 1, '2021-04-11 14:43:45', '192.168.128.6', '2021-04-11 14:43:45');
INSERT INTO municipality(id_municipality, id_city, municipality, lon, lat, status, tx_id, tx_date, tx_host, tx_update) VALUES (null, 3, 'VINTO', -66.31706705, -17.39150924, 1, 1, '2021-04-11 14:43:45', '192.168.128.6', '2021-04-11 14:43:45');
INSERT INTO municipality(id_municipality, id_city, municipality, lon, lat, status, tx_id, tx_date, tx_host, tx_update) VALUES (null, 3, 'PUNATA', -65.84036091, -17.54714075, 1, 1, '2021-04-11 14:43:45', '192.168.128.6', '2021-04-11 14:43:45');
INSERT INTO municipality(id_municipality, id_city, municipality, lon, lat, status, tx_id, tx_date, tx_host, tx_update) VALUES (null, 3, 'SIPE SIPE', -66.34554311, -17.4474274, 1, 1, '2021-04-11 14:43:45', '192.168.128.6', '2021-04-11 14:43:45');
INSERT INTO municipality(id_municipality, id_city, municipality, lon, lat, status, tx_id, tx_date, tx_host, tx_update) VALUES (null, 3, 'SHINAHOTA', -65.34047713, -17.05707164, 1, 1, '2021-04-11 14:43:45', '192.168.128.6', '2021-04-11 14:43:45');
INSERT INTO municipality(id_municipality, id_city, municipality, lon, lat, status, tx_id, tx_date, tx_host, tx_update) VALUES (null, 3, 'VILLA TUNARI', -65.42081464, -16.97462836, 1, 1, '2021-04-11 14:43:45', '192.168.128.6', '2021-04-11 14:43:45');
INSERT INTO municipality(id_municipality, id_city, municipality, lon, lat, status, tx_id, tx_date, tx_host, tx_update) VALUES (null, 3, 'SAN BENITO', -65.89466589, -17.5150686, 1, 1, '2021-04-11 14:43:45', '192.168.128.6', '2021-04-11 14:43:45');
INSERT INTO municipality(id_municipality, id_city, municipality, lon, lat, status, tx_id, tx_date, tx_host, tx_update) VALUES (null, 3, 'CHIMORE', -65.15572909, -16.99651873, 1, 1, '2021-04-11 14:43:45', '192.168.128.6', '2021-04-11 14:43:45');
INSERT INTO municipality(id_municipality, id_city, municipality, lon, lat, status, tx_id, tx_date, tx_host, tx_update) VALUES (null, 3, 'AIQUILE', -65.18201615, -18.20600257, 1, 1, '2021-04-11 14:43:45', '192.168.128.6', '2021-04-11 14:43:45');
INSERT INTO municipality(id_municipality, id_city, municipality, lon, lat, status, tx_id, tx_date, tx_host, tx_update) VALUES (null, 3, 'MIZQUE', -65.37739198, -17.94868826, 1, 1, '2021-04-11 14:43:45', '192.168.128.6', '2021-04-11 14:43:45');
INSERT INTO municipality(id_municipality, id_city, municipality, lon, lat, status, tx_id, tx_date, tx_host, tx_update) VALUES (null, 3, 'CLIZA', -65.94016009, -17.59291239, 1, 1, '2021-04-11 14:43:45', '192.168.128.6', '2021-04-11 14:43:45');
INSERT INTO municipality(id_municipality, id_city, municipality, lon, lat, status, tx_id, tx_date, tx_host, tx_update) VALUES (null, 3, 'CAPINOTA', -66.26406029, -17.71006412, 1, 1, '2021-04-11 14:43:45', '192.168.128.6', '2021-04-11 14:43:45');
INSERT INTO municipality(id_municipality, id_city, municipality, lon, lat, status, tx_id, tx_date, tx_host, tx_update) VALUES (null, 3, 'ARANI', -65.77141002, -17.57111898, 1, 1, '2021-04-11 14:43:45', '192.168.128.6', '2021-04-11 14:43:45');
INSERT INTO municipality(id_municipality, id_city, municipality, lon, lat, status, tx_id, tx_date, tx_host, tx_update) VALUES (null, 3, 'TOLATA', -65.9665919, -17.53004715, 1, 1, '2021-04-11 14:43:45', '192.168.128.6', '2021-04-11 14:43:45');
INSERT INTO municipality(id_municipality, id_city, municipality, lon, lat, status, tx_id, tx_date, tx_host, tx_update) VALUES (null, 3, 'TARATA', -66.0256679, -17.609206, 1, 1, '2021-04-11 14:43:45', '192.168.128.6', '2021-04-11 14:43:45');
INSERT INTO municipality(id_municipality, id_city, municipality, lon, lat, status, tx_id, tx_date, tx_host, tx_update) VALUES (null, 3, 'TOTORA', -65.1922673, -17.73586933, 1, 1, '2021-04-11 14:43:45', '192.168.128.6', '2021-04-11 14:43:45');
INSERT INTO municipality(id_municipality, id_city, municipality, lon, lat, status, tx_id, tx_date, tx_host, tx_update) VALUES (null, 3, 'SANTIVAÑEZ', -66.248722, -17.54944498, 1, 1, '2021-04-11 14:43:45', '192.168.128.6', '2021-04-11 14:43:45');
INSERT INTO municipality(id_municipality, id_city, municipality, lon, lat, status, tx_id, tx_date, tx_host, tx_update) VALUES (null, 3, 'ARBIETO', -66.01932759, -17.58046115, 1, 1, '2021-04-11 14:43:45', '192.168.128.6', '2021-04-11 14:43:45');
INSERT INTO municipality(id_municipality, id_city, municipality, lon, lat, status, tx_id, tx_date, tx_host, tx_update) VALUES (null, 3, 'COLOMI', -65.86570321, -17.33990271, 1, 1, '2021-04-11 14:43:45', '192.168.128.6', '2021-04-11 14:43:45');
INSERT INTO municipality(id_municipality, id_city, municipality, lon, lat, status, tx_id, tx_date, tx_host, tx_update) VALUES (null, 3, 'INDEPENDENCIA', -66.81702376, -17.08049698, 1, 1, '2021-04-11 14:43:45', '192.168.128.6', '2021-04-11 14:43:45');
INSERT INTO municipality(id_municipality, id_city, municipality, lon, lat, status, tx_id, tx_date, tx_host, tx_update) VALUES (null, 3, 'TOKO', -65.92421585, -17.62960723, 1, 1, '2021-04-11 14:43:45', '192.168.128.6', '2021-04-11 14:43:45');
INSERT INTO municipality(id_municipality, id_city, municipality, lon, lat, status, tx_id, tx_date, tx_host, tx_update) VALUES (null, 3, 'POCONA', -65.36633199, -17.65032158, 1, 1, '2021-04-11 14:43:45', '192.168.128.6', '2021-04-11 14:43:45');
INSERT INTO municipality(id_municipality, id_city, municipality, lon, lat, status, tx_id, tx_date, tx_host, tx_update) VALUES (null, 3, 'ANZALDO', -65.9321953, -17.7781429, 1, 1, '2021-04-11 14:43:45', '192.168.128.6', '2021-04-11 14:43:45');
INSERT INTO municipality(id_municipality, id_city, municipality, lon, lat, status, tx_id, tx_date, tx_host, tx_update) VALUES (null, 3, 'VILLA RIVERO', -65.81207577, -17.61461026, 1, 1, '2021-04-11 14:43:45', '192.168.128.6', '2021-04-11 14:43:45');
INSERT INTO municipality(id_municipality, id_city, municipality, lon, lat, status, tx_id, tx_date, tx_host, tx_update) VALUES (null, 3, 'TAPACARÍ', -66.62227999, -17.51743354, 1, 1, '2021-04-11 14:43:45', '192.168.128.6', '2021-04-11 14:43:45');
INSERT INTO municipality(id_municipality, id_city, municipality, lon, lat, status, tx_id, tx_date, tx_host, tx_update) VALUES (null, 3, 'PASORAPA', -64.67932194, -18.32748002, 1, 1, '2021-04-11 14:43:45', '192.168.128.6', '2021-04-11 14:43:45');
INSERT INTO municipality(id_municipality, id_city, municipality, lon, lat, status, tx_id, tx_date, tx_host, tx_update) VALUES (null, 3, 'TIRAQUE', -65.72857489, -17.40047768, 1, 1, '2021-04-11 14:43:45', '192.168.128.6', '2021-04-11 14:43:45');
INSERT INTO municipality(id_municipality, id_city, municipality, lon, lat, status, tx_id, tx_date, tx_host, tx_update) VALUES (null, 3, 'OMEREQUE', -64.90928615, -18.11006776, 1, 1, '2021-04-11 14:43:45', '192.168.128.6', '2021-04-11 14:43:45');
INSERT INTO municipality(id_municipality, id_city, municipality, lon, lat, status, tx_id, tx_date, tx_host, tx_update) VALUES (null, 3, 'VACAS', -65.57998898, -17.57916843, 1, 1, '2021-04-11 14:43:45', '192.168.128.6', '2021-04-11 14:43:45');
INSERT INTO municipality(id_municipality, id_city, municipality, lon, lat, status, tx_id, tx_date, tx_host, tx_update) VALUES (null, 3, 'POJO', -64.8568426, -17.75721328, 1, 1, '2021-04-11 14:43:45', '192.168.128.6', '2021-04-11 14:43:45');
INSERT INTO municipality(id_municipality, id_city, municipality, lon, lat, status, tx_id, tx_date, tx_host, tx_update) VALUES (null, 3, 'SICAYA', -66.33257345, -17.80645167, 1, 1, '2021-04-11 14:43:45', '192.168.128.6', '2021-04-11 14:43:45');
INSERT INTO municipality(id_municipality, id_city, municipality, lon, lat, status, tx_id, tx_date, tx_host, tx_update) VALUES (null, 3, 'TACOPAYA', -66.55347937, -17.84065209, 1, 1, '2021-04-11 14:43:45', '192.168.128.6', '2021-04-11 14:43:45');
INSERT INTO municipality(id_municipality, id_city, municipality, lon, lat, status, tx_id, tx_date, tx_host, tx_update) VALUES (null, 3, 'BOLIVAR', -66.53668734, -17.96893957, 1, 1, '2021-04-11 14:43:45', '192.168.128.6', '2021-04-11 14:43:45');
INSERT INTO municipality(id_municipality, id_city, municipality, lon, lat, status, tx_id, tx_date, tx_host, tx_update) VALUES (null, 3, 'VILA VILA', -65.63283545, -17.98017655, 1, 1, '2021-04-11 14:43:45', '192.168.128.6', '2021-04-11 14:43:45');
INSERT INTO municipality(id_municipality, id_city, municipality, lon, lat, status, tx_id, tx_date, tx_host, tx_update) VALUES (null, 3, 'CUCHUMUELA (V. G.VILLARROEL)', -65.79423822, -17.65328463, 1, 1, '2021-04-11 14:43:45', '192.168.128.6', '2021-04-11 14:43:45');
INSERT INTO municipality(id_municipality, id_city, municipality, lon, lat, status, tx_id, tx_date, tx_host, tx_update) VALUES (null, 3, 'ARQUE', -66.40671942, -17.82788957, 1, 1, '2021-04-11 14:43:45', '192.168.128.6', '2021-04-11 14:43:45');
INSERT INTO municipality(id_municipality, id_city, municipality, lon, lat, status, tx_id, tx_date, tx_host, tx_update) VALUES (null, 3, 'COCAPATA', -66.49623461, -16.77236072, 1, 1, '2021-04-11 14:43:45', '192.168.128.6', '2021-04-11 14:43:45');
INSERT INTO municipality(id_municipality, id_city, municipality, lon, lat, status, tx_id, tx_date, tx_host, tx_update) VALUES (null, 3, 'MOROCHATA', -66.55393243, -17.24080647, 1, 1, '2021-04-11 14:43:45', '192.168.128.6', '2021-04-11 14:43:45');
INSERT INTO municipality(id_municipality, id_city, municipality, lon, lat, status, tx_id, tx_date, tx_host, tx_update) VALUES (null, 3, 'SACABAMBA', -65.77705846, -17.8156465, 1, 1, '2021-04-11 14:43:45', '192.168.128.6', '2021-04-11 14:43:45');
INSERT INTO municipality(id_municipality, id_city, municipality, lon, lat, status, tx_id, tx_date, tx_host, tx_update) VALUES (null, 3, 'TACACHI', -65.80564856, -17.64165995, 1, 1, '2021-04-11 14:43:45', '192.168.128.6', '2021-04-11 14:43:45');
INSERT INTO municipality(id_municipality, id_city, municipality, lon, lat, status, tx_id, tx_date, tx_host, tx_update) VALUES (null, 1, 'NUESTRA SEÑORA DE LA PAZ', -68.11950595, -16.49012775, 1, 1, '2021-04-11 14:43:45', '192.168.128.6', '2021-04-11 14:43:45');
INSERT INTO municipality(id_municipality, id_city, municipality, lon, lat, status, tx_id, tx_date, tx_host, tx_update) VALUES (null, 1, 'EL ALTO', -68.20836699, -16.48958155, 1, 1, '2021-04-11 14:43:45', '192.168.128.6', '2021-04-11 14:43:45');
INSERT INTO municipality(id_municipality, id_city, municipality, lon, lat, status, tx_id, tx_date, tx_host, tx_update) VALUES (null, 1, 'VIACHA', -68.29267943, -16.64769965, 1, 1, '2021-04-11 14:43:45', '192.168.128.6', '2021-04-11 14:43:45');
INSERT INTO municipality(id_municipality, id_city, municipality, lon, lat, status, tx_id, tx_date, tx_host, tx_update) VALUES (null, 1, 'CARANAVI', -67.55854125, -15.83510083, 1, 1, '2021-04-11 14:43:45', '192.168.128.6', '2021-04-11 14:43:45');
INSERT INTO municipality(id_municipality, id_city, municipality, lon, lat, status, tx_id, tx_date, tx_host, tx_update) VALUES (null, 1, 'ACHOCALLA', -68.16864289, -16.57157408, 1, 1, '2021-04-11 14:43:45', '192.168.128.6', '2021-04-11 14:43:45');
INSERT INTO municipality(id_municipality, id_city, municipality, lon, lat, status, tx_id, tx_date, tx_host, tx_update) VALUES (null, 1, 'CHULUMANI', -67.52784163, -16.40894354, 1, 1, '2021-04-11 14:43:45', '192.168.128.6', '2021-04-11 14:43:45');
INSERT INTO municipality(id_municipality, id_city, municipality, lon, lat, status, tx_id, tx_date, tx_host, tx_update) VALUES (null, 1, 'COLQUIRI', -67.12706586, -17.38483759, 1, 1, '2021-04-11 14:43:45', '192.168.128.6', '2021-04-11 14:43:45');
INSERT INTO municipality(id_municipality, id_city, municipality, lon, lat, status, tx_id, tx_date, tx_host, tx_update) VALUES (null, 1, 'BATALLAS', -68.53040249, -16.29525827, 1, 1, '2021-04-11 14:43:45', '192.168.128.6', '2021-04-11 14:43:45');
INSERT INTO municipality(id_municipality, id_city, municipality, lon, lat, status, tx_id, tx_date, tx_host, tx_update) VALUES (null, 1, 'YANACACHI', -67.7384691, -16.39821327, 1, 1, '2021-04-11 14:43:45', '192.168.128.6', '2021-04-11 14:43:45');
INSERT INTO municipality(id_municipality, id_city, municipality, lon, lat, status, tx_id, tx_date, tx_host, tx_update) VALUES (null, 1, 'PATACAMAYA', -67.91027119, -17.24090388, 1, 1, '2021-04-11 14:43:45', '192.168.128.6', '2021-04-11 14:43:45');
INSERT INTO municipality(id_municipality, id_city, municipality, lon, lat, status, tx_id, tx_date, tx_host, tx_update) VALUES (null, 1, 'LAJA', -68.38473737, -16.53240276, 1, 1, '2021-04-11 14:43:45', '192.168.128.6', '2021-04-11 14:43:45');
INSERT INTO municipality(id_municipality, id_city, municipality, lon, lat, status, tx_id, tx_date, tx_host, tx_update) VALUES (null, 1, 'MECAPACA', -68.0170101, -16.6668737, 1, 1, '2021-04-11 14:43:45', '192.168.128.6', '2021-04-11 14:43:45');
INSERT INTO municipality(id_municipality, id_city, municipality, lon, lat, status, tx_id, tx_date, tx_host, tx_update) VALUES (null, 1, 'IRUPANA', -67.46172241, -16.47196215, 1, 1, '2021-04-11 14:43:45', '192.168.128.6', '2021-04-11 14:43:45');
INSERT INTO municipality(id_municipality, id_city, municipality, lon, lat, status, tx_id, tx_date, tx_host, tx_update) VALUES (null, 1, 'GUANAY', -67.88198957, -15.49766581, 1, 1, '2021-04-11 14:43:45', '192.168.128.6', '2021-04-11 14:43:45');
INSERT INTO municipality(id_municipality, id_city, municipality, lon, lat, status, tx_id, tx_date, tx_host, tx_update) VALUES (null, 1, 'COPACABANA', -69.08671166, -16.16637461, 1, 1, '2021-04-11 14:43:45', '192.168.128.6', '2021-04-11 14:43:45');
INSERT INTO municipality(id_municipality, id_city, municipality, lon, lat, status, tx_id, tx_date, tx_host, tx_update) VALUES (null, 1, 'ACHACACHI', -68.70040989, -16.03178208, 1, 1, '2021-04-11 14:43:45', '192.168.128.6', '2021-04-11 14:43:45');
INSERT INTO municipality(id_municipality, id_city, municipality, lon, lat, status, tx_id, tx_date, tx_host, tx_update) VALUES (null, 1, 'COROICO', -67.72882458, -16.19415128, 1, 1, '2021-04-11 14:43:45', '192.168.128.6', '2021-04-11 14:43:45');
INSERT INTO municipality(id_municipality, id_city, municipality, lon, lat, status, tx_id, tx_date, tx_host, tx_update) VALUES (null, 1, 'CORIPATA', -67.60441298, -16.31327136, 1, 1, '2021-04-11 14:43:45', '192.168.128.6', '2021-04-11 14:43:45');
INSERT INTO municipality(id_municipality, id_city, municipality, lon, lat, status, tx_id, tx_date, tx_host, tx_update) VALUES (null, 1, 'TIAHUANACU', -68.67845545, -16.55439864, 1, 1, '2021-04-11 14:43:45', '192.168.128.6', '2021-04-11 14:43:45');
INSERT INTO municipality(id_municipality, id_city, municipality, lon, lat, status, tx_id, tx_date, tx_host, tx_update) VALUES (null, 1, 'PUCARANI', -68.47767613, -16.40492729, 1, 1, '2021-04-11 14:43:45', '192.168.128.6', '2021-04-11 14:43:45');
INSERT INTO municipality(id_municipality, id_city, municipality, lon, lat, status, tx_id, tx_date, tx_host, tx_update) VALUES (null, 1, 'PALOS BLANCOS', -67.25212112, -15.58389283, 1, 1, '2021-04-11 14:43:45', '192.168.128.6', '2021-04-11 14:43:45');
INSERT INTO municipality(id_municipality, id_city, municipality, lon, lat, status, tx_id, tx_date, tx_host, tx_update) VALUES (null, 1, 'CHARAÑA', -69.36163508, -17.60736359, 1, 1, '2021-04-11 14:43:45', '192.168.128.6', '2021-04-11 14:43:45');
INSERT INTO municipality(id_municipality, id_city, municipality, lon, lat, status, tx_id, tx_date, tx_host, tx_update) VALUES (null, 1, 'SAN BUENAVENTURA', -67.62270932, -14.44076029, 1, 1, '2021-04-11 14:43:45', '192.168.128.6', '2021-04-11 14:43:45');
INSERT INTO municipality(id_municipality, id_city, municipality, lon, lat, status, tx_id, tx_date, tx_host, tx_update) VALUES (null, 1, 'CORO CORO', -68.4536573, -17.17251295, 1, 1, '2021-04-11 14:43:45', '192.168.128.6', '2021-04-11 14:43:45');
INSERT INTO municipality(id_municipality, id_city, municipality, lon, lat, status, tx_id, tx_date, tx_host, tx_update) VALUES (null, 1, 'APOLO', -68.41199406, -14.71947639, 1, 1, '2021-04-11 14:43:45', '192.168.128.6', '2021-04-11 14:43:45');
INSERT INTO municipality(id_municipality, id_city, municipality, lon, lat, status, tx_id, tx_date, tx_host, tx_update) VALUES (null, 1, 'SAN PEDRO DE TIQUINA', -68.8553761, -16.22188658, 1, 1, '2021-04-11 14:43:45', '192.168.128.6', '2021-04-11 14:43:45');
INSERT INTO municipality(id_municipality, id_city, municipality, lon, lat, status, tx_id, tx_date, tx_host, tx_update) VALUES (null, 1, 'DESAGUADERO', -69.02165499, -16.56631223, 1, 1, '2021-04-11 14:43:45', '192.168.128.6', '2021-04-11 14:43:45');
INSERT INTO municipality(id_municipality, id_city, municipality, lon, lat, status, tx_id, tx_date, tx_host, tx_update) VALUES (null, 1, 'QUIME', -67.22775015, -16.97614949, 1, 1, '2021-04-11 14:43:45', '192.168.128.6', '2021-04-11 14:43:45');
INSERT INTO municipality(id_municipality, id_city, municipality, lon, lat, status, tx_id, tx_date, tx_host, tx_update) VALUES (null, 1, 'INQUISIVI', -67.12203625, -16.89344222, 1, 1, '2021-04-11 14:43:45', '192.168.128.6', '2021-04-11 14:43:45');
INSERT INTO municipality(id_municipality, id_city, municipality, lon, lat, status, tx_id, tx_date, tx_host, tx_update) VALUES (null, 1, 'SORATA', -68.63951835, -15.7637934, 1, 1, '2021-04-11 14:43:45', '192.168.128.6', '2021-04-11 14:43:45');
INSERT INTO municipality(id_municipality, id_city, municipality, lon, lat, status, tx_id, tx_date, tx_host, tx_update) VALUES (null, 1, 'LA ASUNTA', -67.20542108, -16.12474302, 1, 1, '2021-04-11 14:43:45', '192.168.128.6', '2021-04-11 14:43:45');
INSERT INTO municipality(id_municipality, id_city, municipality, lon, lat, status, tx_id, tx_date, tx_host, tx_update) VALUES (null, 1, 'CAIROMA', -67.58923289, -16.86501542, 1, 1, '2021-04-11 14:43:45', '192.168.128.6', '2021-04-11 14:43:45');
INSERT INTO municipality(id_municipality, id_city, municipality, lon, lat, status, tx_id, tx_date, tx_host, tx_update) VALUES (null, 1, 'JESÚS DE MACHACA', -68.80854588, -16.74785333, 1, 1, '2021-04-11 14:43:45', '192.168.128.6', '2021-04-11 14:43:45');
INSERT INTO municipality(id_municipality, id_city, municipality, lon, lat, status, tx_id, tx_date, tx_host, tx_update) VALUES (null, 1, 'COMANCHE', -68.44516829, -16.95305494, 1, 1, '2021-04-11 14:43:45', '192.168.128.6', '2021-04-11 14:43:45');
INSERT INTO municipality(id_municipality, id_city, municipality, lon, lat, status, tx_id, tx_date, tx_host, tx_update) VALUES (null, 1, 'UMALA', -68.02192279, -17.37594458, 1, 1, '2021-04-11 14:43:45', '192.168.128.6', '2021-04-11 14:43:45');
INSERT INTO municipality(id_municipality, id_city, municipality, lon, lat, status, tx_id, tx_date, tx_host, tx_update) VALUES (null, 1, 'GUAQUI', -68.8336459, -16.59870839, 1, 1, '2021-04-11 14:43:45', '192.168.128.6', '2021-04-11 14:43:45');
INSERT INTO municipality(id_municipality, id_city, municipality, lon, lat, status, tx_id, tx_date, tx_host, tx_update) VALUES (null, 1, 'SICA SICA', -67.74367384, -17.33256928, 1, 1, '2021-04-11 14:43:45', '192.168.128.6', '2021-04-11 14:43:45');
INSERT INTO municipality(id_municipality, id_city, municipality, lon, lat, status, tx_id, tx_date, tx_host, tx_update) VALUES (null, 1, 'COLQUENCHA', -68.2725212, -16.96484302, 1, 1, '2021-04-11 14:43:45', '192.168.128.6', '2021-04-11 14:43:45');
INSERT INTO municipality(id_municipality, id_city, municipality, lon, lat, status, tx_id, tx_date, tx_host, tx_update) VALUES (null, 1, 'CALACOTO', -68.64216675, -17.28543868, 1, 1, '2021-04-11 14:43:45', '192.168.128.6', '2021-04-11 14:43:45');
INSERT INTO municipality(id_municipality, id_city, municipality, lon, lat, status, tx_id, tx_date, tx_host, tx_update) VALUES (null, 1, 'PALCA', -67.94668769, -16.56766043, 1, 1, '2021-04-11 14:43:45', '192.168.128.6', '2021-04-11 14:43:45');
INSERT INTO municipality(id_municipality, id_city, municipality, lon, lat, status, tx_id, tx_date, tx_host, tx_update) VALUES (null, 1, 'TEOPONTE', -67.77781565, -15.50103959, 1, 1, '2021-04-11 14:43:45', '192.168.128.6', '2021-04-11 14:43:45');
INSERT INTO municipality(id_municipality, id_city, municipality, lon, lat, status, tx_id, tx_date, tx_host, tx_update) VALUES (null, 1, 'CHARAZANI (GRAL.PEREZ)', -69.00465776, -15.19456947, 1, 1, '2021-04-11 14:43:45', '192.168.128.6', '2021-04-11 14:43:45');
INSERT INTO municipality(id_municipality, id_city, municipality, lon, lat, status, tx_id, tx_date, tx_host, tx_update) VALUES (null, 1, 'CALAMARCA', -68.11852823, -16.9085792, 1, 1, '2021-04-11 14:43:45', '192.168.128.6', '2021-04-11 14:43:45');
INSERT INTO municipality(id_municipality, id_city, municipality, lon, lat, status, tx_id, tx_date, tx_host, tx_update) VALUES (null, 1, 'ESCOMA', -69.13557836, -15.6593161, 1, 1, '2021-04-11 14:43:45', '192.168.128.6', '2021-04-11 14:43:45');
INSERT INTO municipality(id_municipality, id_city, municipality, lon, lat, status, tx_id, tx_date, tx_host, tx_update) VALUES (null, 1, 'SAPAHAQUI', -67.939192, -16.89122933, 1, 1, '2021-04-11 14:43:45', '192.168.128.6', '2021-04-11 14:43:45');
INSERT INTO municipality(id_municipality, id_city, municipality, lon, lat, status, tx_id, tx_date, tx_host, tx_update) VALUES (null, 1, 'ALTO BENI', -67.43222086, -15.61586059, 1, 1, '2021-04-11 14:43:45', '192.168.128.6', '2021-04-11 14:43:45');
INSERT INTO municipality(id_municipality, id_city, municipality, lon, lat, status, tx_id, tx_date, tx_host, tx_update) VALUES (null, 1, 'CHACARILLA', -68.16958672, -17.55656379, 1, 1, '2021-04-11 14:43:45', '192.168.128.6', '2021-04-11 14:43:45');
INSERT INTO municipality(id_municipality, id_city, municipality, lon, lat, status, tx_id, tx_date, tx_host, tx_update) VALUES (null, 1, 'SANTIAGO DE MACHACA', -69.21870281, -17.06165203, 1, 1, '2021-04-11 14:43:45', '192.168.128.6', '2021-04-11 14:43:45');
INSERT INTO municipality(id_municipality, id_city, municipality, lon, lat, status, tx_id, tx_date, tx_host, tx_update) VALUES (null, 1, 'YACO', -67.40880323, -17.156765, 1, 1, '2021-04-11 14:43:45', '192.168.128.6', '2021-04-11 14:43:45');
INSERT INTO municipality(id_municipality, id_city, municipality, lon, lat, status, tx_id, tx_date, tx_host, tx_update) VALUES (null, 1, 'MALLA', -67.45037185, -17.03944913, 1, 1, '2021-04-11 14:43:45', '192.168.128.6', '2021-04-11 14:43:45');
INSERT INTO municipality(id_municipality, id_city, municipality, lon, lat, status, tx_id, tx_date, tx_host, tx_update) VALUES (null, 1, 'SANTIAGO DE HUATA', -68.87656809, -16.06558395, 1, 1, '2021-04-11 14:43:45', '192.168.128.6', '2021-04-11 14:43:45');
INSERT INTO municipality(id_municipality, id_city, municipality, lon, lat, status, tx_id, tx_date, tx_host, tx_update) VALUES (null, 1, 'ANCORAIMES', -68.87728106, -15.91147148, 1, 1, '2021-04-11 14:43:45', '192.168.128.6', '2021-04-11 14:43:45');
INSERT INTO municipality(id_municipality, id_city, municipality, lon, lat, status, tx_id, tx_date, tx_host, tx_update) VALUES (null, 1, 'PUERTO ACOSTA', -69.25279238, -15.53485363, 1, 1, '2021-04-11 14:43:45', '192.168.128.6', '2021-04-11 14:43:45');
INSERT INTO municipality(id_municipality, id_city, municipality, lon, lat, status, tx_id, tx_date, tx_host, tx_update) VALUES (null, 1, 'WALDO BALLIVIAN', -68.20085844, -17.08415238, 1, 1, '2021-04-11 14:43:45', '192.168.128.6', '2021-04-11 14:43:45');
INSERT INTO municipality(id_municipality, id_city, municipality, lon, lat, status, tx_id, tx_date, tx_host, tx_update) VALUES (null, 1, 'TIPUANI', -68.01909273, -15.56400726, 1, 1, '2021-04-11 14:43:45', '192.168.128.6', '2021-04-11 14:43:45');
INSERT INTO municipality(id_municipality, id_city, municipality, lon, lat, status, tx_id, tx_date, tx_host, tx_update) VALUES (null, 1, 'CAJUATA', -67.18988539, -16.6914172, 1, 1, '2021-04-11 14:43:45', '192.168.128.6', '2021-04-11 14:43:45');
INSERT INTO municipality(id_municipality, id_city, municipality, lon, lat, status, tx_id, tx_date, tx_host, tx_update) VALUES (null, 1, 'PUERTO PEREZ', -68.65399255, -16.33335061, 1, 1, '2021-04-11 14:43:45', '192.168.128.6', '2021-04-11 14:43:45');
INSERT INTO municipality(id_municipality, id_city, municipality, lon, lat, status, tx_id, tx_date, tx_host, tx_update) VALUES (null, 1, 'LURIBAY', -67.66300088, -17.06361791, 1, 1, '2021-04-11 14:43:45', '192.168.128.6', '2021-04-11 14:43:45');
INSERT INTO municipality(id_municipality, id_city, municipality, lon, lat, status, tx_id, tx_date, tx_host, tx_update) VALUES (null, 1, 'TITO YUPANKI', -68.97157346, -16.16396862, 1, 1, '2021-04-11 14:43:45', '192.168.128.6', '2021-04-11 14:43:45');
INSERT INTO municipality(id_municipality, id_city, municipality, lon, lat, status, tx_id, tx_date, tx_host, tx_update) VALUES (null, 1, 'HUATAJATA', -68.6936013, -16.2028214, 1, 1, '2021-04-11 14:43:45', '192.168.128.6', '2021-04-11 14:43:45');
INSERT INTO municipality(id_municipality, id_city, municipality, lon, lat, status, tx_id, tx_date, tx_host, tx_update) VALUES (null, 1, 'PELECHUCO', -69.08361671, -14.82336862, 1, 1, '2021-04-11 14:43:45', '192.168.128.6', '2021-04-11 14:43:45');
INSERT INTO municipality(id_municipality, id_city, municipality, lon, lat, status, tx_id, tx_date, tx_host, tx_update) VALUES (null, 1, 'CHUMA', -68.89774317, -15.48159976, 1, 1, '2021-04-11 14:43:45', '192.168.128.6', '2021-04-11 14:43:45');
INSERT INTO municipality(id_municipality, id_city, municipality, lon, lat, status, tx_id, tx_date, tx_host, tx_update) VALUES (null, 1, 'COLLANA', -68.28267985, -16.90415268, 1, 1, '2021-04-11 14:43:45', '192.168.128.6', '2021-04-11 14:43:45');
INSERT INTO municipality(id_municipality, id_city, municipality, lon, lat, status, tx_id, tx_date, tx_host, tx_update) VALUES (null, 1, 'HUARINA', -68.59894625, -16.18881838, 1, 1, '2021-04-11 14:43:45', '192.168.128.6', '2021-04-11 14:43:45');
INSERT INTO municipality(id_municipality, id_city, municipality, lon, lat, status, tx_id, tx_date, tx_host, tx_update) VALUES (null, 1, 'CHUA COCANI', -68.74459884, -16.18820127, 1, 1, '2021-04-11 14:43:45', '192.168.128.6', '2021-04-11 14:43:45');
INSERT INTO municipality(id_municipality, id_city, municipality, lon, lat, status, tx_id, tx_date, tx_host, tx_update) VALUES (null, 1, 'MAPIRI', -68.22269542, -15.3097416, 1, 1, '2021-04-11 14:43:45', '192.168.128.6', '2021-04-11 14:43:45');
INSERT INTO municipality(id_municipality, id_city, municipality, lon, lat, status, tx_id, tx_date, tx_host, tx_update) VALUES (null, 1, 'NAZACARA DE PACAJES', -68.7817186, -16.92517284, 1, 1, '2021-04-11 14:43:45', '192.168.128.6', '2021-04-11 14:43:45');
INSERT INTO municipality(id_municipality, id_city, municipality, lon, lat, status, tx_id, tx_date, tx_host, tx_update) VALUES (null, 1, 'PUERTO CARABUCO', -69.0650111, -15.75707377, 1, 1, '2021-04-11 14:43:45', '192.168.128.6', '2021-04-11 14:43:45');
INSERT INTO municipality(id_municipality, id_city, municipality, lon, lat, status, tx_id, tx_date, tx_host, tx_update) VALUES (null, 1, 'AYATA', -68.75295313, -15.34096733, 1, 1, '2021-04-11 14:43:45', '192.168.128.6', '2021-04-11 14:43:45');
INSERT INTO municipality(id_municipality, id_city, municipality, lon, lat, status, tx_id, tx_date, tx_host, tx_update) VALUES (null, 1, 'MOCOMOCO', -68.9992662, -15.45601211, 1, 1, '2021-04-11 14:43:45', '192.168.128.6', '2021-04-11 14:43:45');
INSERT INTO municipality(id_municipality, id_city, municipality, lon, lat, status, tx_id, tx_date, tx_host, tx_update) VALUES (null, 1, 'ICHOCA', -67.18341213, -17.14189698, 1, 1, '2021-04-11 14:43:45', '192.168.128.6', '2021-04-11 14:43:45');
INSERT INTO municipality(id_municipality, id_city, municipality, lon, lat, status, tx_id, tx_date, tx_host, tx_update) VALUES (null, 1, 'LICOMA (VILLA LIBERTAD)', -67.20665237, -16.80384139, 1, 1, '2021-04-11 14:43:45', '192.168.128.6', '2021-04-11 14:43:45');
INSERT INTO municipality(id_municipality, id_city, municipality, lon, lat, status, tx_id, tx_date, tx_host, tx_update) VALUES (null, 1, 'CATACORA', -69.47414896, -17.16989427, 1, 1, '2021-04-11 14:43:45', '192.168.128.6', '2021-04-11 14:43:45');
INSERT INTO municipality(id_municipality, id_city, municipality, lon, lat, status, tx_id, tx_date, tx_host, tx_update) VALUES (null, 1, 'CAQUIAVIRI', -68.6086023, -17.02455985, 1, 1, '2021-04-11 14:43:45', '192.168.128.6', '2021-04-11 14:43:45');
INSERT INTO municipality(id_municipality, id_city, municipality, lon, lat, status, tx_id, tx_date, tx_host, tx_update) VALUES (null, 1, 'TACACOMA', -68.51865619, -15.37332169, 1, 1, '2021-04-11 14:43:45', '192.168.128.6', '2021-04-11 14:43:45');
INSERT INTO municipality(id_municipality, id_city, municipality, lon, lat, status, tx_id, tx_date, tx_host, tx_update) VALUES (null, 1, 'IXIAMAS', -68.14708633, -13.74432438, 1, 1, '2021-04-11 14:43:45', '192.168.128.6', '2021-04-11 14:43:45');
INSERT INTO municipality(id_municipality, id_city, municipality, lon, lat, status, tx_id, tx_date, tx_host, tx_update) VALUES (null, 1, 'PAPEL PAMPA', -67.76793828, -17.82297111, 1, 1, '2021-04-11 14:43:45', '192.168.128.6', '2021-04-11 14:43:45');
INSERT INTO municipality(id_municipality, id_city, municipality, lon, lat, status, tx_id, tx_date, tx_host, tx_update) VALUES (null, 6, 'ORURO', -67.09265122, -17.97156366, 1, 1, '2021-04-11 14:43:45', '192.168.128.6', '2021-04-11 14:43:45');
INSERT INTO municipality(id_municipality, id_city, municipality, lon, lat, status, tx_id, tx_date, tx_host, tx_update) VALUES (null, 6, 'VILLA HUANUNI', -66.84159054, -18.28519515, 1, 1, '2021-04-11 14:43:45', '192.168.128.6', '2021-04-11 14:43:45');
INSERT INTO municipality(id_municipality, id_city, municipality, lon, lat, status, tx_id, tx_date, tx_host, tx_update) VALUES (null, 6, 'CHALLAPATA', -66.77964281, -18.89201002, 1, 1, '2021-04-11 14:43:45', '192.168.128.6', '2021-04-11 14:43:45');
INSERT INTO municipality(id_municipality, id_city, municipality, lon, lat, status, tx_id, tx_date, tx_host, tx_update) VALUES (null, 6, 'CRUZ DE MACHACAMARCA', -68.31892103, -18.76672668, 1, 1, '2021-04-11 14:43:45', '192.168.128.6', '2021-04-11 14:43:45');
INSERT INTO municipality(id_municipality, id_city, municipality, lon, lat, status, tx_id, tx_date, tx_host, tx_update) VALUES (null, 6, 'SABAYA', -68.41051289, -19.01058683, 1, 1, '2021-04-11 14:43:45', '192.168.128.6', '2021-04-11 14:43:45');
INSERT INTO municipality(id_municipality, id_city, municipality, lon, lat, status, tx_id, tx_date, tx_host, tx_update) VALUES (null, 6, 'EUCALIPTUS', -67.50991347, -17.59823209, 1, 1, '2021-04-11 14:43:45', '192.168.128.6', '2021-04-11 14:43:45');
INSERT INTO municipality(id_municipality, id_city, municipality, lon, lat, status, tx_id, tx_date, tx_host, tx_update) VALUES (null, 6, 'SANTIAGO DE HUARI', -66.78862031, -19.00811508, 1, 1, '2021-04-11 14:43:45', '192.168.128.6', '2021-04-11 14:43:45');
INSERT INTO municipality(id_municipality, id_city, municipality, lon, lat, status, tx_id, tx_date, tx_host, tx_update) VALUES (null, 6, 'TOLEDO', -67.40954535, -18.1862087, 1, 1, '2021-04-11 14:43:45', '192.168.128.6', '2021-04-11 14:43:45');
INSERT INTO municipality(id_municipality, id_city, municipality, lon, lat, status, tx_id, tx_date, tx_host, tx_update) VALUES (null, 6, 'HUACHACALLA', -68.25749891, -18.79490254, 1, 1, '2021-04-11 14:43:45', '192.168.128.6', '2021-04-11 14:43:45');
INSERT INTO municipality(id_municipality, id_city, municipality, lon, lat, status, tx_id, tx_date, tx_host, tx_update) VALUES (null, 6, 'POOPÓ', -66.99783481, -18.37986781, 1, 1, '2021-04-11 14:43:45', '192.168.128.6', '2021-04-11 14:43:45');
INSERT INTO municipality(id_municipality, id_city, municipality, lon, lat, status, tx_id, tx_date, tx_host, tx_update) VALUES (null, 6, 'SALINAS DE GARCI MENDOZA', -67.6843542, -19.62010802, 1, 1, '2021-04-11 14:43:45', '192.168.128.6', '2021-04-11 14:43:45');
INSERT INTO municipality(id_municipality, id_city, municipality, lon, lat, status, tx_id, tx_date, tx_host, tx_update) VALUES (null, 6, 'CARACOLLO', -67.21773636, -17.65177796, 1, 1, '2021-04-11 14:43:45', '192.168.128.6', '2021-04-11 14:43:45');
INSERT INTO municipality(id_municipality, id_city, municipality, lon, lat, status, tx_id, tx_date, tx_host, tx_update) VALUES (null, 6, 'ANTEQUERA (BOLIVAR)', -66.84209478, -18.47748452, 1, 1, '2021-04-11 14:43:45', '192.168.128.6', '2021-04-11 14:43:45');
INSERT INTO municipality(id_municipality, id_city, municipality, lon, lat, status, tx_id, tx_date, tx_host, tx_update) VALUES (null, 6, 'SANTUARIO DE QUILLACAS', -66.94184358, -19.23800777, 1, 1, '2021-04-11 14:43:45', '192.168.128.6', '2021-04-11 14:43:45');
INSERT INTO municipality(id_municipality, id_city, municipality, lon, lat, status, tx_id, tx_date, tx_host, tx_update) VALUES (null, 6, 'SANTIAGO DE ANDAMARCA', -67.52082097, -18.77937745, 1, 1, '2021-04-11 14:43:45', '192.168.128.6', '2021-04-11 14:43:45');
INSERT INTO municipality(id_municipality, id_city, municipality, lon, lat, status, tx_id, tx_date, tx_host, tx_update) VALUES (null, 6, 'TURCO', -68.2796956, -18.1910668, 1, 1, '2021-04-11 14:43:45', '192.168.128.6', '2021-04-11 14:43:45');
INSERT INTO municipality(id_municipality, id_city, municipality, lon, lat, status, tx_id, tx_date, tx_host, tx_update) VALUES (null, 6, 'PAZÑA', -66.92341364, -18.59687643, 1, 1, '2021-04-11 14:43:45', '192.168.128.6', '2021-04-11 14:43:45');
INSERT INTO municipality(id_municipality, id_city, municipality, lon, lat, status, tx_id, tx_date, tx_host, tx_update) VALUES (null, 6, 'CORQUE', -67.70315768, -18.34605121, 1, 1, '2021-04-11 14:43:45', '192.168.128.6', '2021-04-11 14:43:45');
INSERT INTO municipality(id_municipality, id_city, municipality, lon, lat, status, tx_id, tx_date, tx_host, tx_update) VALUES (null, 6, 'CARANGAS', -68.62535519, -18.94094201, 1, 1, '2021-04-11 14:43:45', '192.168.128.6', '2021-04-11 14:43:45');
INSERT INTO municipality(id_municipality, id_city, municipality, lon, lat, status, tx_id, tx_date, tx_host, tx_update) VALUES (null, 6, 'PAMPA AULLAGAS', -67.06478534, -19.20896623, 1, 1, '2021-04-11 14:43:45', '192.168.128.6', '2021-04-11 14:43:45');
INSERT INTO municipality(id_municipality, id_city, municipality, lon, lat, status, tx_id, tx_date, tx_host, tx_update) VALUES (null, 6, 'SANTIAGO DE HUAYLLAMARCA', -67.94069765, -17.8365206, 1, 1, '2021-04-11 14:43:45', '192.168.128.6', '2021-04-11 14:43:45');
INSERT INTO municipality(id_municipality, id_city, municipality, lon, lat, status, tx_id, tx_date, tx_host, tx_update) VALUES (null, 6, 'SAN PEDRO DE TOTORA', -68.15728626, -17.79403783, 1, 1, '2021-04-11 14:43:45', '192.168.128.6', '2021-04-11 14:43:45');
INSERT INTO municipality(id_municipality, id_city, municipality, lon, lat, status, tx_id, tx_date, tx_host, tx_update) VALUES (null, 6, 'ESMERALDA', -68.11340906, -18.97150588, 1, 1, '2021-04-11 14:43:45', '192.168.128.6', '2021-04-11 14:43:45');
INSERT INTO municipality(id_municipality, id_city, municipality, lon, lat, status, tx_id, tx_date, tx_host, tx_update) VALUES (null, 6, 'YUNGUYO DEL LITORAL *', -68.35267837, -18.84738754, 1, 1, '2021-04-11 14:43:45', '192.168.128.6', '2021-04-11 14:43:45');
INSERT INTO municipality(id_municipality, id_city, municipality, lon, lat, status, tx_id, tx_date, tx_host, tx_update) VALUES (null, 6, 'ESCARA', -68.16829678, -18.8578815, 1, 1, '2021-04-11 14:43:45', '192.168.128.6', '2021-04-11 14:43:45');
INSERT INTO municipality(id_municipality, id_city, municipality, lon, lat, status, tx_id, tx_date, tx_host, tx_update) VALUES (null, 6, 'EL CHORO', -67.12910598, -18.35700727, 1, 1, '2021-04-11 14:43:45', '192.168.128.6', '2021-04-11 14:43:45');
INSERT INTO municipality(id_municipality, id_city, municipality, lon, lat, status, tx_id, tx_date, tx_host, tx_update) VALUES (null, 6, 'CHOQUECOTA', -67.92176319, -18.09018555, 1, 1, '2021-04-11 14:43:45', '192.168.128.6', '2021-04-11 14:43:45');
INSERT INTO municipality(id_municipality, id_city, municipality, lon, lat, status, tx_id, tx_date, tx_host, tx_update) VALUES (null, 6, 'COIPASA', -68.28084954, -19.28565701, 1, 1, '2021-04-11 14:43:45', '192.168.128.6', '2021-04-11 14:43:45');
INSERT INTO municipality(id_municipality, id_city, municipality, lon, lat, status, tx_id, tx_date, tx_host, tx_update) VALUES (null, 6, 'BELÉN DE ANDAMARCA', -67.64300683, -18.83353507, 1, 1, '2021-04-11 14:43:45', '192.168.128.6', '2021-04-11 14:43:45');
INSERT INTO municipality(id_municipality, id_city, municipality, lon, lat, status, tx_id, tx_date, tx_host, tx_update) VALUES (null, 6, 'LA RIVERA', -68.65253557, -19.02116673, 1, 1, '2021-04-11 14:43:45', '192.168.128.6', '2021-04-11 14:43:45');
INSERT INTO municipality(id_municipality, id_city, municipality, lon, lat, status, tx_id, tx_date, tx_host, tx_update) VALUES (null, 6, 'PARIA', -67.02078576, -17.82187426, 1, 1, '2021-04-11 14:43:45', '192.168.128.6', '2021-04-11 14:43:45');
INSERT INTO municipality(id_municipality, id_city, municipality, lon, lat, status, tx_id, tx_date, tx_host, tx_update) VALUES (null, 7, 'COBIJA', -68.78197306, -11.03493406, 1, 1, '2021-04-11 14:43:45', '192.168.128.6', '2021-04-11 14:43:45');
INSERT INTO municipality(id_municipality, id_city, municipality, lon, lat, status, tx_id, tx_date, tx_host, tx_update) VALUES (null, 7, 'PUERTO RICO', -67.55503029, -11.10096818, 1, 1, '2021-04-11 14:43:45', '192.168.128.6', '2021-04-11 14:43:45');
INSERT INTO municipality(id_municipality, id_city, municipality, lon, lat, status, tx_id, tx_date, tx_host, tx_update) VALUES (null, 7, 'PUERTO GONZALES MORENO', -66.18098554, -11.04601758, 1, 1, '2021-04-11 14:43:45', '192.168.128.6', '2021-04-11 14:43:45');
INSERT INTO municipality(id_municipality, id_city, municipality, lon, lat, status, tx_id, tx_date, tx_host, tx_update) VALUES (null, 7, 'SAN LORENZO', -66.8876113, -11.57039852, 1, 1, '2021-04-11 14:43:45', '192.168.128.6', '2021-04-11 14:43:45');
INSERT INTO municipality(id_municipality, id_city, municipality, lon, lat, status, tx_id, tx_date, tx_host, tx_update) VALUES (null, 7, 'PORVENIR', -68.70500075, -11.237052, 1, 1, '2021-04-11 14:43:45', '192.168.128.6', '2021-04-11 14:43:45');
INSERT INTO municipality(id_municipality, id_city, municipality, lon, lat, status, tx_id, tx_date, tx_host, tx_update) VALUES (null, 7, 'BELLA FLOR', -67.72199795, -11.13115929, 1, 1, '2021-04-11 14:43:45', '192.168.128.6', '2021-04-11 14:43:45');
INSERT INTO municipality(id_municipality, id_city, municipality, lon, lat, status, tx_id, tx_date, tx_host, tx_update) VALUES (null, 7, 'EL SENA', -67.25224987, -11.47855178, 1, 1, '2021-04-11 14:43:45', '192.168.128.6', '2021-04-11 14:43:45');
INSERT INTO municipality(id_municipality, id_city, municipality, lon, lat, status, tx_id, tx_date, tx_host, tx_update) VALUES (null, 7, 'BOLPEBRA (MUKDEN)', -69.1629679, -11.14343665, 1, 1, '2021-04-11 14:43:45', '192.168.128.6', '2021-04-11 14:43:45');
INSERT INTO municipality(id_municipality, id_city, municipality, lon, lat, status, tx_id, tx_date, tx_host, tx_update) VALUES (null, 7, 'SAN PEDRO (CONQUISTA)', -67.92675352, -11.79462279, 1, 1, '2021-04-11 14:43:45', '192.168.128.6', '2021-04-11 14:43:45');
INSERT INTO municipality(id_municipality, id_city, municipality, lon, lat, status, tx_id, tx_date, tx_host, tx_update) VALUES (null, 7, 'SANTA ROSA DEL ABUNÁ', -67.44665629, -10.61627816, 1, 1, '2021-04-11 14:43:45', '192.168.128.6', '2021-04-11 14:43:45');
INSERT INTO municipality(id_municipality, id_city, municipality, lon, lat, status, tx_id, tx_date, tx_host, tx_update) VALUES (null, 7, 'NUEVO MANOA (NUEVA ESPERANZA)', -65.41233559, -9.761617993, 1, 1, '2021-04-11 14:43:45', '192.168.128.6', '2021-04-11 14:43:45');
INSERT INTO municipality(id_municipality, id_city, municipality, lon, lat, status, tx_id, tx_date, tx_host, tx_update) VALUES (null, 7, 'FILADELFIA', -68.76030991, -11.34570413, 1, 1, '2021-04-11 14:43:45', '192.168.128.6', '2021-04-11 14:43:45');
INSERT INTO municipality(id_municipality, id_city, municipality, lon, lat, status, tx_id, tx_date, tx_host, tx_update) VALUES (null, 7, 'VILLA NUEVA (LOMA ALTA)', -66.11736995, -10.71275692, 1, 1, '2021-04-11 14:43:45', '192.168.128.6', '2021-04-11 14:43:45');
INSERT INTO municipality(id_municipality, id_city, municipality, lon, lat, status, tx_id, tx_date, tx_host, tx_update) VALUES (null, 7, 'INGAVI', -66.74179823, -10.68588827, 1, 1, '2021-04-11 14:43:45', '192.168.128.6', '2021-04-11 14:43:45');
INSERT INTO municipality(id_municipality, id_city, municipality, lon, lat, status, tx_id, tx_date, tx_host, tx_update) VALUES (null, 7, 'SANTOS MERCADO', -66.21322376, -10.14478237, 1, 1, '2021-04-11 14:43:45', '192.168.128.6', '2021-04-11 14:43:45');
INSERT INTO municipality(id_municipality, id_city, municipality, lon, lat, status, tx_id, tx_date, tx_host, tx_update) VALUES (null, 9, 'POTOSÍ', -65.75844723, -19.57466017, 1, 1, '2021-04-11 14:43:45', '192.168.128.6', '2021-04-11 14:43:45');
INSERT INTO municipality(id_municipality, id_city, municipality, lon, lat, status, tx_id, tx_date, tx_host, tx_update) VALUES (null, 9, 'LLALLAGUA', -66.58186746, -18.42316312, 1, 1, '2021-04-11 14:43:45', '192.168.128.6', '2021-04-11 14:43:45');
INSERT INTO municipality(id_municipality, id_city, municipality, lon, lat, status, tx_id, tx_date, tx_host, tx_update) VALUES (null, 9, 'VILLAZÓN', -65.59782948, -22.0211963, 1, 1, '2021-04-11 14:43:45', '192.168.128.6', '2021-04-11 14:43:45');
INSERT INTO municipality(id_municipality, id_city, municipality, lon, lat, status, tx_id, tx_date, tx_host, tx_update) VALUES (null, 9, 'TUPIZA', -65.73312015, -21.43470553, 1, 1, '2021-04-11 14:43:45', '192.168.128.6', '2021-04-11 14:43:45');
INSERT INTO municipality(id_municipality, id_city, municipality, lon, lat, status, tx_id, tx_date, tx_host, tx_update) VALUES (null, 9, 'COLCHA"K" (V.MARTIN)', -67.6595135, -20.73963899, 1, 1, '2021-04-11 14:43:45', '192.168.128.6', '2021-04-11 14:43:45');
INSERT INTO municipality(id_municipality, id_city, municipality, lon, lat, status, tx_id, tx_date, tx_host, tx_update) VALUES (null, 9, 'UNCÍA', -66.56071071, -18.47475124, 1, 1, '2021-04-11 14:43:45', '192.168.128.6', '2021-04-11 14:43:45');
INSERT INTO municipality(id_municipality, id_city, municipality, lon, lat, status, tx_id, tx_date, tx_host, tx_update) VALUES (null, 9, 'UYUNI (THOLA PAMPA)', -66.82785416, -20.47198582, 1, 1, '2021-04-11 14:43:45', '192.168.128.6', '2021-04-11 14:43:45');
INSERT INTO municipality(id_municipality, id_city, municipality, lon, lat, status, tx_id, tx_date, tx_host, tx_update) VALUES (null, 9, 'BETANZOS', -65.45271773, -19.55414299, 1, 1, '2021-04-11 14:43:45', '192.168.128.6', '2021-04-11 14:43:45');
INSERT INTO municipality(id_municipality, id_city, municipality, lon, lat, status, tx_id, tx_date, tx_host, tx_update) VALUES (null, 9, 'COTAGAITA', -65.70493219, -20.80793398, 1, 1, '2021-04-11 14:43:45', '192.168.128.6', '2021-04-11 14:43:45');
INSERT INTO municipality(id_municipality, id_city, municipality, lon, lat, status, tx_id, tx_date, tx_host, tx_update) VALUES (null, 9, 'ATOCHA', -66.2248974, -20.94127572, 1, 1, '2021-04-11 14:43:45', '192.168.128.6', '2021-04-11 14:43:45');
INSERT INTO municipality(id_municipality, id_city, municipality, lon, lat, status, tx_id, tx_date, tx_host, tx_update) VALUES (null, 9, 'PUNA', -65.51905564, -19.7907291, 1, 1, '2021-04-11 14:43:45', '192.168.128.6', '2021-04-11 14:43:45');
INSERT INTO municipality(id_municipality, id_city, municipality, lon, lat, status, tx_id, tx_date, tx_host, tx_update) VALUES (null, 9, 'VITICHI', -65.49606174, -20.20852378, 1, 1, '2021-04-11 14:43:45', '192.168.128.6', '2021-04-11 14:43:45');
INSERT INTO municipality(id_municipality, id_city, municipality, lon, lat, status, tx_id, tx_date, tx_host, tx_update) VALUES (null, 9, 'TOMAVE', -66.4219591, -20.13709371, 1, 1, '2021-04-11 14:43:45', '192.168.128.6', '2021-04-11 14:43:45');
INSERT INTO municipality(id_municipality, id_city, municipality, lon, lat, status, tx_id, tx_date, tx_host, tx_update) VALUES (null, 9, 'CAIZA "D"', -65.65567019, -20.00724619, 1, 1, '2021-04-11 14:43:45', '192.168.128.6', '2021-04-11 14:43:45');
INSERT INTO municipality(id_municipality, id_city, municipality, lon, lat, status, tx_id, tx_date, tx_host, tx_update) VALUES (null, 9, 'OCURI', -65.79575085, -18.841491, 1, 1, '2021-04-11 14:43:45', '192.168.128.6', '2021-04-11 14:43:45');
INSERT INTO municipality(id_municipality, id_city, municipality, lon, lat, status, tx_id, tx_date, tx_host, tx_update) VALUES (null, 9, 'POCOATA', -66.16438862, -18.70161851, 1, 1, '2021-04-11 14:43:45', '192.168.128.6', '2021-04-11 14:43:45');
INSERT INTO municipality(id_municipality, id_city, municipality, lon, lat, status, tx_id, tx_date, tx_host, tx_update) VALUES (null, 9, 'CHAYANTA', -66.44444466, -18.46182405, 1, 1, '2021-04-11 14:43:45', '192.168.128.6', '2021-04-11 14:43:45');
INSERT INTO municipality(id_municipality, id_city, municipality, lon, lat, status, tx_id, tx_date, tx_host, tx_update) VALUES (null, 9, 'TORO TORO', -65.75753022, -18.14083875, 1, 1, '2021-04-11 14:43:45', '192.168.128.6', '2021-04-11 14:43:45');
INSERT INTO municipality(id_municipality, id_city, municipality, lon, lat, status, tx_id, tx_date, tx_host, tx_update) VALUES (null, 9, 'TAHUA', -67.69532009, -19.88923704, 1, 1, '2021-04-11 14:43:45', '192.168.128.6', '2021-04-11 14:43:45');
INSERT INTO municipality(id_municipality, id_city, municipality, lon, lat, status, tx_id, tx_date, tx_host, tx_update) VALUES (null, 9, 'COLQUECHACA', -66.00377881, -18.69924188, 1, 1, '2021-04-11 14:43:45', '192.168.128.6', '2021-04-11 14:43:45');
INSERT INTO municipality(id_municipality, id_city, municipality, lon, lat, status, tx_id, tx_date, tx_host, tx_update) VALUES (null, 9, 'SAN AGUSTÍN', -67.67987974, -21.15737873, 1, 1, '2021-04-11 14:43:45', '192.168.128.6', '2021-04-11 14:43:45');
INSERT INTO municipality(id_municipality, id_city, municipality, lon, lat, status, tx_id, tx_date, tx_host, tx_update) VALUES (null, 9, 'PORCO', -65.97584867, -19.80619725, 1, 1, '2021-04-11 14:43:45', '192.168.128.6', '2021-04-11 14:43:45');
INSERT INTO municipality(id_municipality, id_city, municipality, lon, lat, status, tx_id, tx_date, tx_host, tx_update) VALUES (null, 9, 'SAN PEDRO DE BUENA VISTA', -65.98606469, -18.26650099, 1, 1, '2021-04-11 14:43:45', '192.168.128.6', '2021-04-11 14:43:45');
INSERT INTO municipality(id_municipality, id_city, municipality, lon, lat, status, tx_id, tx_date, tx_host, tx_update) VALUES (null, 9, 'RAVELO', -65.52990086, -18.78926684, 1, 1, '2021-04-11 14:43:45', '192.168.128.6', '2021-04-11 14:43:45');
INSERT INTO municipality(id_municipality, id_city, municipality, lon, lat, status, tx_id, tx_date, tx_host, tx_update) VALUES (null, 9, 'LLICA', -68.26236584, -19.86438337, 1, 1, '2021-04-11 14:43:45', '192.168.128.6', '2021-04-11 14:43:45');
INSERT INTO municipality(id_municipality, id_city, municipality, lon, lat, status, tx_id, tx_date, tx_host, tx_update) VALUES (null, 9, 'TACOBAMBA', -65.49575608, -19.16819706, 1, 1, '2021-04-11 14:43:45', '192.168.128.6', '2021-04-11 14:43:45');
INSERT INTO municipality(id_municipality, id_city, municipality, lon, lat, status, tx_id, tx_date, tx_host, tx_update) VALUES (null, 9, 'YOCALLA', -65.92570533, -19.48047087, 1, 1, '2021-04-11 14:43:45', '192.168.128.6', '2021-04-11 14:43:45');
INSERT INTO municipality(id_municipality, id_city, municipality, lon, lat, status, tx_id, tx_date, tx_host, tx_update) VALUES (null, 9, 'CHUQUIHUTA', -66.35983828, -18.59674668, 1, 1, '2021-04-11 14:43:45', '192.168.128.6', '2021-04-11 14:43:45');
INSERT INTO municipality(id_municipality, id_city, municipality, lon, lat, status, tx_id, tx_date, tx_host, tx_update) VALUES (null, 9, 'TINGUIPAYA', -65.8857859, -19.11433824, 1, 1, '2021-04-11 14:43:45', '192.168.128.6', '2021-04-11 14:43:45');
INSERT INTO municipality(id_municipality, id_city, municipality, lon, lat, status, tx_id, tx_date, tx_host, tx_update) VALUES (null, 9, 'CKOCHAS', -64.99448853, -19.73775829, 1, 1, '2021-04-11 14:43:45', '192.168.128.6', '2021-04-11 14:43:45');
INSERT INTO municipality(id_municipality, id_city, municipality, lon, lat, status, tx_id, tx_date, tx_host, tx_update) VALUES (null, 9, 'SACACA', -66.39572865, -18.06742619, 1, 1, '2021-04-11 14:43:45', '192.168.128.6', '2021-04-11 14:43:45');
INSERT INTO municipality(id_municipality, id_city, municipality, lon, lat, status, tx_id, tx_date, tx_host, tx_update) VALUES (null, 9, 'CHAQUI', -65.56257603, -19.58585057, 1, 1, '2021-04-11 14:43:45', '192.168.128.6', '2021-04-11 14:43:45');
INSERT INTO municipality(id_municipality, id_city, municipality, lon, lat, status, tx_id, tx_date, tx_host, tx_update) VALUES (null, 9, 'SAN PEDRO DE QUEMES', -68.15982354, -21.08822005, 1, 1, '2021-04-11 14:43:45', '192.168.128.6', '2021-04-11 14:43:45');
INSERT INTO municipality(id_municipality, id_city, municipality, lon, lat, status, tx_id, tx_date, tx_host, tx_update) VALUES (null, 9, 'SAN PABLO DE LIPEZ', -66.61943446, -21.688172, 1, 1, '2021-04-11 14:43:45', '192.168.128.6', '2021-04-11 14:43:45');
INSERT INTO municipality(id_municipality, id_city, municipality, lon, lat, status, tx_id, tx_date, tx_host, tx_update) VALUES (null, 9, 'CARIPUYO', -66.47242954, -18.23527736, 1, 1, '2021-04-11 14:43:45', '192.168.128.6', '2021-04-11 14:43:45');
INSERT INTO municipality(id_municipality, id_city, municipality, lon, lat, status, tx_id, tx_date, tx_host, tx_update) VALUES (null, 9, 'ACASIO', -66.05401078, -18.02364783, 1, 1, '2021-04-11 14:43:45', '192.168.128.6', '2021-04-11 14:43:45');
INSERT INTO municipality(id_municipality, id_city, municipality, lon, lat, status, tx_id, tx_date, tx_host, tx_update) VALUES (null, 9, 'BELÉN DE URMIRI', -66.06321804, -19.38500034, 1, 1, '2021-04-11 14:43:45', '192.168.128.6', '2021-04-11 14:43:45');
INSERT INTO municipality(id_municipality, id_city, municipality, lon, lat, status, tx_id, tx_date, tx_host, tx_update) VALUES (null, 9, 'ARAMPAMPA', -66.08011498, -17.87896955, 1, 1, '2021-04-11 14:43:45', '192.168.128.6', '2021-04-11 14:43:45');
INSERT INTO municipality(id_municipality, id_city, municipality, lon, lat, status, tx_id, tx_date, tx_host, tx_update) VALUES (null, 9, 'SAN ANTONIO DE ESMORACA', -66.81937326, -21.86470732, 1, 1, '2021-04-11 14:43:45', '192.168.128.6', '2021-04-11 14:43:45');
INSERT INTO municipality(id_municipality, id_city, municipality, lon, lat, status, tx_id, tx_date, tx_host, tx_update) VALUES (null, 9, 'MOJINETE', -66.34370684, -21.68672324, 1, 1, '2021-04-11 14:43:45', '192.168.128.6', '2021-04-11 14:43:45');
INSERT INTO municipality(id_municipality, id_city, municipality, lon, lat, status, tx_id, tx_date, tx_host, tx_update) VALUES (null, 2, 'SANTA CRUZ DE LA SIERRA', -63.15102348, -17.80864219, 1, 1, '2021-04-11 14:43:45', '192.168.128.6', '2021-04-11 14:43:45');
INSERT INTO municipality(id_municipality, id_city, municipality, lon, lat, status, tx_id, tx_date, tx_host, tx_update) VALUES (null, 2, 'MONTERO', -63.26288227, -17.31915247, 1, 1, '2021-04-11 14:43:45', '192.168.128.6', '2021-04-11 14:43:45');
INSERT INTO municipality(id_municipality, id_city, municipality, lon, lat, status, tx_id, tx_date, tx_host, tx_update) VALUES (null, 2, 'LA GUARDIA', -63.32284815, -17.89113638, 1, 1, '2021-04-11 14:43:45', '192.168.128.6', '2021-04-11 14:43:45');
INSERT INTO municipality(id_municipality, id_city, municipality, lon, lat, status, tx_id, tx_date, tx_host, tx_update) VALUES (null, 2, 'EL TORNO', -63.38311414, -17.99236624, 1, 1, '2021-04-11 14:43:45', '192.168.128.6', '2021-04-11 14:43:45');
INSERT INTO municipality(id_municipality, id_city, municipality, lon, lat, status, tx_id, tx_date, tx_host, tx_update) VALUES (null, 2, 'COTOCA', -62.87578583, -17.77407762, 1, 1, '2021-04-11 14:43:45', '192.168.128.6', '2021-04-11 14:43:45');
INSERT INTO municipality(id_municipality, id_city, municipality, lon, lat, status, tx_id, tx_date, tx_host, tx_update) VALUES (null, 2, 'WARNES', -63.16746035, -17.52292375, 1, 1, '2021-04-11 14:43:45', '192.168.128.6', '2021-04-11 14:43:45');
INSERT INTO municipality(id_municipality, id_city, municipality, lon, lat, status, tx_id, tx_date, tx_host, tx_update) VALUES (null, 2, 'CAMIRI', -63.53039468, -20.02249177, 1, 1, '2021-04-11 14:43:45', '192.168.128.6', '2021-04-11 14:43:45');
INSERT INTO municipality(id_municipality, id_city, municipality, lon, lat, status, tx_id, tx_date, tx_host, tx_update) VALUES (null, 2, 'YAPACANÍ', -63.88573111, -17.41138743, 1, 1, '2021-04-11 14:43:45', '192.168.128.6', '2021-04-11 14:43:45');
INSERT INTO municipality(id_municipality, id_city, municipality, lon, lat, status, tx_id, tx_date, tx_host, tx_update) VALUES (null, 2, 'SAN CARLOS', -63.73167655, -17.404972, 1, 1, '2021-04-11 14:43:45', '192.168.128.6', '2021-04-11 14:43:45');
INSERT INTO municipality(id_municipality, id_city, municipality, lon, lat, status, tx_id, tx_date, tx_host, tx_update) VALUES (null, 2, 'SAN PEDRO', -63.48221893, -16.82755449, 1, 1, '2021-04-11 14:43:45', '192.168.128.6', '2021-04-11 14:43:45');
INSERT INTO municipality(id_municipality, id_city, municipality, lon, lat, status, tx_id, tx_date, tx_host, tx_update) VALUES (null, 2, 'PORONGO (AYACUCHO)', -63.30581909, -17.85573275, 1, 1, '2021-04-11 14:43:45', '192.168.128.6', '2021-04-11 14:43:45');
INSERT INTO municipality(id_municipality, id_city, municipality, lon, lat, status, tx_id, tx_date, tx_host, tx_update) VALUES (null, 2, 'PAILÓN', -62.72622578, -17.65874311, 1, 1, '2021-04-11 14:43:45', '192.168.128.6', '2021-04-11 14:43:45');
INSERT INTO municipality(id_municipality, id_city, municipality, lon, lat, status, tx_id, tx_date, tx_host, tx_update) VALUES (null, 2, 'ROBORE', -59.7437414, -18.35610674, 1, 1, '2021-04-11 14:43:45', '192.168.128.6', '2021-04-11 14:43:45');
INSERT INTO municipality(id_municipality, id_city, municipality, lon, lat, status, tx_id, tx_date, tx_host, tx_update) VALUES (null, 2, 'SAN IGNACIO DE VELASCO', -60.92834999, -16.36184703, 1, 1, '2021-04-11 14:43:45', '192.168.128.6', '2021-04-11 14:43:45');
INSERT INTO municipality(id_municipality, id_city, municipality, lon, lat, status, tx_id, tx_date, tx_host, tx_update) VALUES (null, 2, 'VALLEGRANDE', -64.11256751, -18.48852682, 1, 1, '2021-04-11 14:43:45', '192.168.128.6', '2021-04-11 14:43:45');
INSERT INTO municipality(id_municipality, id_city, municipality, lon, lat, status, tx_id, tx_date, tx_host, tx_update) VALUES (null, 2, 'SAN JOSE DE CHIQUITOS', -60.74907295, -17.83400691, 1, 1, '2021-04-11 14:43:45', '192.168.128.6', '2021-04-11 14:43:45');
INSERT INTO municipality(id_municipality, id_city, municipality, lon, lat, status, tx_id, tx_date, tx_host, tx_update) VALUES (null, 2, 'CONCEPCIÓN', -62.04018113, -16.13120688, 1, 1, '2021-04-11 14:43:45', '192.168.128.6', '2021-04-11 14:43:45');
INSERT INTO municipality(id_municipality, id_city, municipality, lon, lat, status, tx_id, tx_date, tx_host, tx_update) VALUES (null, 2, 'PORTACHUELO', -63.39750498, -17.35497166, 1, 1, '2021-04-11 14:43:45', '192.168.128.6', '2021-04-11 14:43:45');
INSERT INTO municipality(id_municipality, id_city, municipality, lon, lat, status, tx_id, tx_date, tx_host, tx_update) VALUES (null, 2, 'PUERTO QUIJARRO', -57.77483062, -17.80330519, 1, 1, '2021-04-11 14:43:45', '192.168.128.6', '2021-04-11 14:43:45');
INSERT INTO municipality(id_municipality, id_city, municipality, lon, lat, status, tx_id, tx_date, tx_host, tx_update) VALUES (null, 2, 'SAN JULIÁN', -62.60859486, -16.90578144, 1, 1, '2021-04-11 14:43:45', '192.168.128.6', '2021-04-11 14:43:45');
INSERT INTO municipality(id_municipality, id_city, municipality, lon, lat, status, tx_id, tx_date, tx_host, tx_update) VALUES (null, 2, 'FERNANDEZ ALONSO', -63.22899242, -16.89916896, 1, 1, '2021-04-11 14:43:45', '192.168.128.6', '2021-04-11 14:43:45');
INSERT INTO municipality(id_municipality, id_city, municipality, lon, lat, status, tx_id, tx_date, tx_host, tx_update) VALUES (null, 2, 'COMARAPA', -64.52997971, -17.91062668, 1, 1, '2021-04-11 14:43:45', '192.168.128.6', '2021-04-11 14:43:45');
INSERT INTO municipality(id_municipality, id_city, municipality, lon, lat, status, tx_id, tx_date, tx_host, tx_update) VALUES (null, 2, 'SANTA ROSA DEL SARA', -63.59981093, -17.10998845, 1, 1, '2021-04-11 14:43:45', '192.168.128.6', '2021-04-11 14:43:45');
INSERT INTO municipality(id_municipality, id_city, municipality, lon, lat, status, tx_id, tx_date, tx_host, tx_update) VALUES (null, 2, 'OKINAWA UNO', -62.8159141, -17.2329363, 1, 1, '2021-04-11 14:43:45', '192.168.128.6', '2021-04-11 14:43:45');
INSERT INTO municipality(id_municipality, id_city, municipality, lon, lat, status, tx_id, tx_date, tx_host, tx_update) VALUES (null, 2, 'COLPA BELGICA', -63.27626277, -17.51226615, 1, 1, '2021-04-11 14:43:45', '192.168.128.6', '2021-04-11 14:43:45');
INSERT INTO municipality(id_municipality, id_city, municipality, lon, lat, status, tx_id, tx_date, tx_host, tx_update) VALUES (null, 2, 'CUATRO CANADAS', -62.50063172, -17.24998869, 1, 1, '2021-04-11 14:43:45', '192.168.128.6', '2021-04-11 14:43:45');
INSERT INTO municipality(id_municipality, id_city, municipality, lon, lat, status, tx_id, tx_date, tx_host, tx_update) VALUES (null, 2, 'MAIRANA', -63.96152258, -18.12046346, 1, 1, '2021-04-11 14:43:45', '192.168.128.6', '2021-04-11 14:43:45');
INSERT INTO municipality(id_municipality, id_city, municipality, lon, lat, status, tx_id, tx_date, tx_host, tx_update) VALUES (null, 2, 'CHARAGUA', -63.1969427, -19.78112035, 1, 1, '2021-04-11 14:43:45', '192.168.128.6', '2021-04-11 14:43:45');
INSERT INTO municipality(id_municipality, id_city, municipality, lon, lat, status, tx_id, tx_date, tx_host, tx_update) VALUES (null, 2, 'SAN RAMÓN', -62.50263693, -16.60012558, 1, 1, '2021-04-11 14:43:45', '192.168.128.6', '2021-04-11 14:43:45');
INSERT INTO municipality(id_municipality, id_city, municipality, lon, lat, status, tx_id, tx_date, tx_host, tx_update) VALUES (null, 2, 'MINEROS', -63.23277508, -17.12520058, 1, 1, '2021-04-11 14:43:45', '192.168.128.6', '2021-04-11 14:43:45');
INSERT INTO municipality(id_municipality, id_city, municipality, lon, lat, status, tx_id, tx_date, tx_host, tx_update) VALUES (null, 2, 'BUENA VISTA', -63.66899482, -17.45867827, 1, 1, '2021-04-11 14:43:45', '192.168.128.6', '2021-04-11 14:43:45');
INSERT INTO municipality(id_municipality, id_city, municipality, lon, lat, status, tx_id, tx_date, tx_host, tx_update) VALUES (null, 2, 'ASCENCIÓN DE GUARAYOS', -63.18540244, -15.8969976, 1, 1, '2021-04-11 14:43:45', '192.168.128.6', '2021-04-11 14:43:45');
INSERT INTO municipality(id_municipality, id_city, municipality, lon, lat, status, tx_id, tx_date, tx_host, tx_update) VALUES (null, 2, 'PAMPA GRANDE', -64.11504522, -18.093647, 1, 1, '2021-04-11 14:43:45', '192.168.128.6', '2021-04-11 14:43:45');
INSERT INTO municipality(id_municipality, id_city, municipality, lon, lat, status, tx_id, tx_date, tx_host, tx_update) VALUES (null, 2, 'GENERAL SAAVEDRA', -63.21699566, -17.22895325, 1, 1, '2021-04-11 14:43:45', '192.168.128.6', '2021-04-11 14:43:45');
INSERT INTO municipality(id_municipality, id_city, municipality, lon, lat, status, tx_id, tx_date, tx_host, tx_update) VALUES (null, 2, 'BOYUIBE', -63.27987679, -20.44164934, 1, 1, '2021-04-11 14:43:45', '192.168.128.6', '2021-04-11 14:43:45');
INSERT INTO municipality(id_municipality, id_city, municipality, lon, lat, status, tx_id, tx_date, tx_host, tx_update) VALUES (null, 2, 'SAN JAVIER', -62.50349523, -16.27725935, 1, 1, '2021-04-11 14:43:45', '192.168.128.6', '2021-04-11 14:43:45');
INSERT INTO municipality(id_municipality, id_city, municipality, lon, lat, status, tx_id, tx_date, tx_host, tx_update) VALUES (null, 2, 'EL PUENTE', -62.91814325, -16.32681101, 1, 1, '2021-04-11 14:43:45', '192.168.128.6', '2021-04-11 14:43:45');
INSERT INTO municipality(id_municipality, id_city, municipality, lon, lat, status, tx_id, tx_date, tx_host, tx_update) VALUES (null, 2, 'SAN JUAN', -63.85900614, -17.26254816, 1, 1, '2021-04-11 14:43:45', '192.168.128.6', '2021-04-11 14:43:45');
INSERT INTO municipality(id_municipality, id_city, municipality, lon, lat, status, tx_id, tx_date, tx_host, tx_update) VALUES (null, 2, 'SAMAIPATA', -63.88338397, -18.17781319, 1, 1, '2021-04-11 14:43:45', '192.168.128.6', '2021-04-11 14:43:45');
INSERT INTO municipality(id_municipality, id_city, municipality, lon, lat, status, tx_id, tx_date, tx_host, tx_update) VALUES (null, 2, 'PUERTO SUAREZ', -57.8146934, -18.97269099, 1, 1, '2021-04-11 14:43:45', '192.168.128.6', '2021-04-11 14:43:45');
INSERT INTO municipality(id_municipality, id_city, municipality, lon, lat, status, tx_id, tx_date, tx_host, tx_update) VALUES (null, 2, 'QUIRUSILLAS', -63.95269637, -18.34073641, 1, 1, '2021-04-11 14:43:45', '192.168.128.6', '2021-04-11 14:43:45');
INSERT INTO municipality(id_municipality, id_city, municipality, lon, lat, status, tx_id, tx_date, tx_host, tx_update) VALUES (null, 2, 'LAGUNILLAS', -63.66989141, -19.64771934, 1, 1, '2021-04-11 14:43:45', '192.168.128.6', '2021-04-11 14:43:45');
INSERT INTO municipality(id_municipality, id_city, municipality, lon, lat, status, tx_id, tx_date, tx_host, tx_update) VALUES (null, 2, 'GUTIÉRREZ', -63.5231877, -19.42017435, 1, 1, '2021-04-11 14:43:45', '192.168.128.6', '2021-04-11 14:43:45');
INSERT INTO municipality(id_municipality, id_city, municipality, lon, lat, status, tx_id, tx_date, tx_host, tx_update) VALUES (null, 2, 'CABEZAS', -63.30942566, -18.78657815, 1, 1, '2021-04-11 14:43:45', '192.168.128.6', '2021-04-11 14:43:45');
INSERT INTO municipality(id_municipality, id_city, municipality, lon, lat, status, tx_id, tx_date, tx_host, tx_update) VALUES (null, 2, 'CARMEN RIVERO TORREZ', -58.61812755, -18.82433701, 1, 1, '2021-04-11 14:43:45', '192.168.128.6', '2021-04-11 14:43:45');
INSERT INTO municipality(id_municipality, id_city, municipality, lon, lat, status, tx_id, tx_date, tx_host, tx_update) VALUES (null, 2, 'SAIPINA', -64.58271363, -18.09374101, 1, 1, '2021-04-11 14:43:45', '192.168.128.6', '2021-04-11 14:43:45');
INSERT INTO municipality(id_municipality, id_city, municipality, lon, lat, status, tx_id, tx_date, tx_host, tx_update) VALUES (null, 2, 'SAN RAFAEL', -60.68658829, -16.78383022, 1, 1, '2021-04-11 14:43:45', '192.168.128.6', '2021-04-11 14:43:45');
INSERT INTO municipality(id_municipality, id_city, municipality, lon, lat, status, tx_id, tx_date, tx_host, tx_update) VALUES (null, 2, 'CUEVO', -63.51929063, -20.45589547, 1, 1, '2021-04-11 14:43:45', '192.168.128.6', '2021-04-11 14:43:45');
INSERT INTO municipality(id_municipality, id_city, municipality, lon, lat, status, tx_id, tx_date, tx_host, tx_update) VALUES (null, 2, 'TRIGAL', -64.14842962, -18.30857414, 1, 1, '2021-04-11 14:43:45', '192.168.128.6', '2021-04-11 14:43:45');
INSERT INTO municipality(id_municipality, id_city, municipality, lon, lat, status, tx_id, tx_date, tx_host, tx_update) VALUES (null, 2, 'MORO MORO', -64.32359389, -18.36662598, 1, 1, '2021-04-11 14:43:45', '192.168.128.6', '2021-04-11 14:43:45');
INSERT INTO municipality(id_municipality, id_city, municipality, lon, lat, status, tx_id, tx_date, tx_host, tx_update) VALUES (null, 2, 'URUBICHA', -63.08276654, -15.62768597, 1, 1, '2021-04-11 14:43:45', '192.168.128.6', '2021-04-11 14:43:45');
INSERT INTO municipality(id_municipality, id_city, municipality, lon, lat, status, tx_id, tx_date, tx_host, tx_update) VALUES (null, 2, 'SAN ANTONIO DE LOMERIO', -61.80978927, -16.76908417, 1, 1, '2021-04-11 14:43:45', '192.168.128.6', '2021-04-11 14:43:45');
INSERT INTO municipality(id_municipality, id_city, municipality, lon, lat, status, tx_id, tx_date, tx_host, tx_update) VALUES (null, 2, 'SAN MATÍAS', -58.40735437, -16.37527568, 1, 1, '2021-04-11 14:43:45', '192.168.128.6', '2021-04-11 14:43:45');
INSERT INTO municipality(id_municipality, id_city, municipality, lon, lat, status, tx_id, tx_date, tx_host, tx_update) VALUES (null, 2, 'SAN MIGUEL DE VELASCO', -60.96376697, -16.70157236, 1, 1, '2021-04-11 14:43:45', '192.168.128.6', '2021-04-11 14:43:45');
INSERT INTO municipality(id_municipality, id_city, municipality, lon, lat, status, tx_id, tx_date, tx_host, tx_update) VALUES (null, 2, 'POSTRER VALLE', -63.84024357, -18.49691484, 1, 1, '2021-04-11 14:43:45', '192.168.128.6', '2021-04-11 14:43:45');
INSERT INTO municipality(id_municipality, id_city, municipality, lon, lat, status, tx_id, tx_date, tx_host, tx_update) VALUES (null, 2, 'PUCARA', -64.18460918, -18.71646159, 1, 1, '2021-04-11 14:43:45', '192.168.128.6', '2021-04-11 14:43:45');
INSERT INTO municipality(id_municipality, id_city, municipality, lon, lat, status, tx_id, tx_date, tx_host, tx_update) VALUES (null, 4, 'TARIJA', -64.73121489, -21.51853458, 1, 1, '2021-04-11 14:43:45', '192.168.128.6', '2021-04-11 14:43:45');
INSERT INTO municipality(id_municipality, id_city, municipality, lon, lat, status, tx_id, tx_date, tx_host, tx_update) VALUES (null, 4, 'YACUIBA', -63.67664509, -22.02269457, 1, 1, '2021-04-11 14:43:45', '192.168.128.6', '2021-04-11 14:43:45');
INSERT INTO municipality(id_municipality, id_city, municipality, lon, lat, status, tx_id, tx_date, tx_host, tx_update) VALUES (null, 4, 'BERMEJO', -64.31371412, -22.68308314, 1, 1, '2021-04-11 14:43:45', '192.168.128.6', '2021-04-11 14:43:45');
INSERT INTO municipality(id_municipality, id_city, municipality, lon, lat, status, tx_id, tx_date, tx_host, tx_update) VALUES (null, 4, 'VILLAMONTES', -63.45458635, -21.26033911, 1, 1, '2021-04-11 14:43:45', '192.168.128.6', '2021-04-11 14:43:45');
INSERT INTO municipality(id_municipality, id_city, municipality, lon, lat, status, tx_id, tx_date, tx_host, tx_update) VALUES (null, 4, 'SAN LORENZO', -64.75681834, -21.41020894, 1, 1, '2021-04-11 14:43:45', '192.168.128.6', '2021-04-11 14:43:45');
INSERT INTO municipality(id_municipality, id_city, municipality, lon, lat, status, tx_id, tx_date, tx_host, tx_update) VALUES (null, 4, 'CARAPARÍ', -63.74096544, -21.82930402, 1, 1, '2021-04-11 14:43:45', '192.168.128.6', '2021-04-11 14:43:45');
INSERT INTO municipality(id_municipality, id_city, municipality, lon, lat, status, tx_id, tx_date, tx_host, tx_update) VALUES (null, 4, 'PADCAYA', -64.71145085, -21.88883354, 1, 1, '2021-04-11 14:43:45', '192.168.128.6', '2021-04-11 14:43:45');
INSERT INTO municipality(id_municipality, id_city, municipality, lon, lat, status, tx_id, tx_date, tx_host, tx_update) VALUES (null, 4, 'ENTRE RIOS (LA MORETA)', -64.17486387, -21.52797333, 1, 1, '2021-04-11 14:43:45', '192.168.128.6', '2021-04-11 14:43:45');
INSERT INTO municipality(id_municipality, id_city, municipality, lon, lat, status, tx_id, tx_date, tx_host, tx_update) VALUES (null, 4, 'URIONDO', -64.65353238, -21.6952294, 1, 1, '2021-04-11 14:43:45', '192.168.128.6', '2021-04-11 14:43:45');
INSERT INTO municipality(id_municipality, id_city, municipality, lon, lat, status, tx_id, tx_date, tx_host, tx_update) VALUES (null, 4, 'TOMAYAPO (EL PUENTE)', -65.04500492, -21.26868514, 1, 1, '2021-04-11 14:43:45', '192.168.128.6', '2021-04-11 14:43:45');
INSERT INTO municipality(id_municipality, id_city, municipality, lon, lat, status, tx_id, tx_date, tx_host, tx_update) VALUES (null, 4, 'YUNCHARA', -65.25002533, -21.82443623, 1, 1, '2021-04-11 14:43:45', '192.168.128.6', '2021-04-11 14:43:45');
COMMIT;

-- INSERTS NEWS
START TRANSACTION;
INSERT INTO `news` (id_news, news_title, description, news_date, news_images,news_url, status, tx_id, tx_date, tx_host, tx_update) VALUES (null, 'Polémica por retraso en la vacunación masiva contra Covid-19 en Bolivia','La vacunación masiva contra el Covid-19 debía despegar esta semana en Bolivia con los mayores de 60 años,pero afronta dificultades de coordinación, con polémicas sobre si hay o no suficientes vacunas, en medio de una huelga médica parcial que cumple 53 días y la frustración de mucha gente convocada a inmunizarse sin lograrlo.','2021-04-11',"https://s.france24.com/media/display/bb75a678-973a-11eb-867f-005056bff430/w:980/p:16x9/vacunas%20bolivia.webp","https://www.france24.com/es/am%C3%A9rica-latina/20210407-vacunacion-bolivia-retraso-suministros-arce", 1, 1,  '2021-04-11 14:43:45','192.168.31.150','2021-04-11 14:43:45');
INSERT INTO `news` (id_news, news_title, description, news_date, news_images,news_url, status, tx_id, tx_date, tx_host, tx_update) VALUES (null, 'Boliviano de 101 años sobrevive al COVID-19','Un hombre de 101 años de edad recibió el alta médica este sábado tras haber superado el COVID-19 y permanecer ingresado durante 22 días en un hospital de la ciudad boliviana de Cochabamba. El paciente, identificado como Daniel Jaldín, es cochabambino, vive en el asilo de ancianos El Buen Pastor y fue ingresado en el Hospital del Norte tras dar positivo en una prueba PCR, explicó a la agencia efe el director del centro de salud, José Luis Hidalgo.','2021-04-11',"https://static.dw.com/image/55542575_303.jpg","https://www.dw.com/es/boliviano-de-101-a%C3%B1os-sobrevive-al-covid-19/a-57029135", 1, 1,  '2021-04-11 14:43:45','192.168.31.150','2021-04-11 14:43:45');
INSERT INTO `news` (id_news, news_title, description, news_date, news_images,news_url, status, tx_id, tx_date, tx_host, tx_update) VALUES (null, 'Brasil, Colombia, Venezuela, Perú y áreas de Bolivia sufren un fuerte aumento de casos de COVID-19','América del Sur sigue siendo el epicentro de la pandemia en el continente americano y    se corre el riesgo de sufrir un repunte de casos más importante que durante el año pasado, advirtió este miércoles la Organización Panamericana de la Salud durante su rueda de prensa semanal donde analiza la evolución de la enfermedad La directora de la Organización, la doctora Carissa Etienne explicó que “el reciente incremento de casos en la Amazonía también se observa en los estados vecinos, y actualmente Brasil, Colombia, Venezuela, Perú y algunas áreas de Bolivia están experimentando un fuerte aumento en los casos de COVID','2021-04-11',"https://global.unitednations.entermediadb.net/assets/mediadb/services/module/asset/downloads/preset/Libraries/Production+Library/08-04-2021-UNICEF-UN0433280-Peru-vaccine.jpg/image1170x530cropped.jpg","https://news.un.org/es/story/2021/04/1490852", 1, 1,  '2021-04-11 14:43:45','192.168.31.150','2021-04-11 14:43:45');
INSERT INTO `news` (id_news, news_title, description, news_date, news_images,news_url, status, tx_id, tx_date, tx_host, tx_update) VALUES (null, 'Polémica por retraso en la vacunación masiva contra Covid-19 en Bolivia','Luego de realizar 9.818 pruebas este viernes, el Ministerio de Salud y Deportes detectó 1.246 nuevos contagios por Covid-19, lo que hizo ascender la cifra de positivos acumulados a 287.360, de los cuales 38.280 continúan activos en todo el país. Según el informe de la Dirección Nacional de Epidemiología, Santa Cruz es el epicentro de los nuevos infectados, pues registró 525 casos. Luego está La Paz con 218 nuevos enfermos, Cochabamba con 187, Tarija con 106 y Pando con 61. Mientras que en Beni se detectaron 52 casos, 50 en Chuquisaca, 29 en Oruro, y 18 en Potosí','2021-04-11',"https://static.eldeber.com.bo//Files/Sizes/2021/4/17/foto-abi-personas-esperando-pruebas-de-coronavirus-en-bolivia_930384531_1140x520.jpeg","https://eldeber.com.bo/pais/bolivia-reporta-1246-nuevos-contagios-de-covid-19-y-suman-38280-los-casos-activos_228360", 1, 1,  '2021-04-11 14:43:45','192.168.31.150','2021-04-11 14:43:45');
INSERT INTO `news` (id_news, news_title, description, news_date, news_images,news_url, status, tx_id, tx_date, tx_host, tx_update) VALUES (null, 'Polémica por retraso en la vacunación masiva contra Covid-19 en Bolivia','La vacunación masiva contra el Covid-19 debía despegar esta semana en Bolivia con los mayores de 60 años,pero afronta dificultades de coordinación, con polémicas sobre si hay o no suficientes vacunas, en medio de una huelga médica parcial que cumple 53 días y la frustración de mucha gente convocada a inmunizarse sin lograrlo.','2021-04-11',"https://s.france24.com/media/display/bb75a678-973a-11eb-867f-005056bff430/w:980/p:16x9/vacunas%20bolivia.webp","https://www.france24.com/es/am%C3%A9rica-latina/20210407-vacunacion-bolivia-retraso-suministros-arce", 1, 1,  '2021-04-11 14:43:45','192.168.31.150','2021-04-11 14:43:45');
INSERT INTO `news` (id_news, news_title, description, news_date, news_images,news_url, status, tx_id, tx_date, tx_host, tx_update) VALUES (null, 'Boliviano de 101 años sobrevive al COVID-19','Un hombre de 101 años de edad recibió el alta médica este sábado tras haber superado el COVID-19 y permanecer ingresado durante 22 días en un hospital de la ciudad boliviana de Cochabamba. El paciente, identificado como Daniel Jaldín, es cochabambino, vive en el asilo de ancianos El Buen Pastor y fue ingresado en el Hospital del Norte tras dar positivo en una prueba PCR, explicó a la agencia efe el director del centro de salud, José Luis Hidalgo.','2021-04-11',"https://static.dw.com/image/55542575_303.jpg","https://www.dw.com/es/boliviano-de-101-a%C3%B1os-sobrevive-al-covid-19/a-57029135", 1, 1,  '2021-04-11 14:43:45','192.168.31.150','2021-04-11 14:43:45');
INSERT INTO `news` (id_news, news_title, description, news_date, news_images,news_url, status, tx_id, tx_date, tx_host, tx_update) VALUES (null, 'Brasil, Colombia, Venezuela, Perú y áreas de Bolivia sufren un fuerte aumento de casos de COVID-19','América del Sur sigue siendo el epicentro de la pandemia en el continente americano y    se corre el riesgo de sufrir un repunte de casos más importante que durante el año pasado, advirtió este miércoles la Organización Panamericana de la Salud durante su rueda de prensa semanal donde analiza la evolución de la enfermedad La directora de la Organización, la doctora Carissa Etienne explicó que “el reciente incremento de casos en la Amazonía también se observa en los estados vecinos, y actualmente Brasil, Colombia, Venezuela, Perú y algunas áreas de Bolivia están experimentando un fuerte aumento en los casos de COVID','2021-04-11',"https://global.unitednations.entermediadb.net/assets/mediadb/services/module/asset/downloads/preset/Libraries/Production+Library/08-04-2021-UNICEF-UN0433280-Peru-vaccine.jpg/image1170x530cropped.jpg","https://news.un.org/es/story/2021/04/1490852", 1, 1,  '2021-04-11 14:43:45','192.168.31.150','2021-04-11 14:43:45');
INSERT INTO `news` (id_news, news_title, description, news_date, news_images,news_url, status, tx_id, tx_date, tx_host, tx_update) VALUES (null, 'Polémica por retraso en la vacunación masiva contra Covid-19 en Bolivia','Luego de realizar 9.818 pruebas este viernes, el Ministerio de Salud y Deportes detectó 1.246 nuevos contagios por Covid-19, lo que hizo ascender la cifra de positivos acumulados a 287.360, de los cuales 38.280 continúan activos en todo el país. Según el informe de la Dirección Nacional de Epidemiología, Santa Cruz es el epicentro de los nuevos infectados, pues registró 525 casos. Luego está La Paz con 218 nuevos enfermos, Cochabamba con 187, Tarija con 106 y Pando con 61. Mientras que en Beni se detectaron 52 casos, 50 en Chuquisaca, 29 en Oruro, y 18 en Potosí','2021-04-11',"https://static.eldeber.com.bo//Files/Sizes/2021/4/17/foto-abi-personas-esperando-pruebas-de-coronavirus-en-bolivia_930384531_1140x520.jpeg","https://eldeber.com.bo/pais/bolivia-reporta-1246-nuevos-contagios-de-covid-19-y-suman-38280-los-casos-activos_228360", 1, 1,  '2021-04-11 14:43:45','192.168.31.150','2021-04-11 14:43:45');
COMMIT;

-- INSERTS URL
START TRANSACTION;
INSERT INTO `page_url`(`id_page_url`, `url`, `status`, `tx_id`, `tx_date`, `tx_host`, `tx_update`) VALUES (null,'https://covid19.who.int/WHO-COVID-19-global-table-data.csv',1,1,'2021-04-11 14:43:45','192.168.31.150','2021-04-11 14:43:45');
INSERT INTO `page_url`(`id_page_url`, `url`, `status`, `tx_id`, `tx_date`, `tx_host`, `tx_update`) VALUES (null,'https://opendata.arcgis.com/datasets/89873d02cfef44928668711cae827105_0.csv?outSR=%7B%22latestWkid%22%3A4326%2C%22wkid%22%3A4326%7D',1,1,'2021-04-11 14:43:45','192.168.31.150','2021-04-11 14:43:45');
INSERT INTO `page_url`(`id_page_url`, `url`, `status`, `tx_id`, `tx_date`, `tx_host`, `tx_update`) VALUES (null,'https://github.com/CSSEGISandData/COVID-19/tree/master/csse_covid_19_data/csse_covid_19_daily_reports',1,1,'2021-04-11 14:43:45','192.168.31.150','2021-04-11 14:43:45');
INSERT INTO `page_url`(`id_page_url`, `url`, `status`, `tx_id`, `tx_date`, `tx_host`, `tx_update`) VALUES (null,'https://datos.gob.bo/dataset/8e2ef657-cfc3-44e1-8552-4a4883aa484e/resource/30cdcb68-ec87-42fb-b4a9-087d81f186c6/download/consolidado_covid_19-mun_se.csv',1,1,'2021-04-11 14:43:45','192.168.31.150','2021-04-11 14:43:45');
INSERT INTO `page_url`(`id_page_url`, `url`, `status`, `tx_id`, `tx_date`, `tx_host`, `tx_update`) VALUES (null,'https://disease.sh/v3/covid-19/historical/Bolivia?lastdays',1,1,'2021-04-11 14:43:45','192.168.31.150','2021-04-11 14:43:45');
INSERT INTO `page_url`(`id_page_url`, `url`, `status`, `tx_id`, `tx_date`, `tx_host`, `tx_update`) VALUES (null,'https://siip.produccion.gob.bo/repSIIP2/JsonAjaxCovid.php?flag=contagiados',1,1,'2021-04-11 14:43:45','192.168.31.150','2021-04-11 14:43:45');
INSERT INTO `page_url`(`id_page_url`, `url`, `status`, `tx_id`, `tx_date`, `tx_host`, `tx_update`) VALUES (null,'https://disease.sh/v3/covid-19/vaccine/coverage/countries/Bolivia?lastdays',1,1,'2021-04-11 14:43:45','192.168.31.150','2021-04-11 14:43:45');
COMMIT;



-- INSERT HOSPITAL (HOSPITALES)
START TRANSACTION;
INSERT INTO `hospital` VALUES (null,7,'Hospital de Tercer Nivel', -68.74700384608168,-10.791414881382194,1,1,'2021-04-11 14:43:45','192.168.31.150','2021-04-11 14:43:45');
INSERT INTO `hospital` VALUES (null,7,'Hospital de Segundo Nivel Riberalta',  -66.0663397197295,-10.715861142628759,1,1,'2021-04-11 14:43:45','192.168.31.150','2021-04-11 14:43:45');
INSERT INTO `hospital` VALUES (null,8,'Hospital General Jacobo Abularach', -65.45126919573778,-13.663095920904853,1,1,'2021-04-11 14:43:45','192.168.31.150','2021-04-11 14:43:45');
INSERT INTO `hospital` VALUES (null,8,'Hospital De Salud Yucumo', -67.03604468546212,-15.051582613629328,1,1,'2021-04-11 14:43:45','192.168.31.150','2021-04-11 14:43:45');
INSERT INTO `hospital` VALUES (null,8,'Hospital 3 de Noviembre', -65.67267165386103,-14.905243768200437,1,1,'2021-04-11 14:43:45','192.168.31.150','2021-04-11 14:43:45');
INSERT INTO `hospital` VALUES (null,8,'Hospital de Salud Puerto Varador', -64.99858419308431,-14.874779572174468,1,1,'2021-04-11 14:43:45','192.168.31.150','2021-04-11 14:43:45');
INSERT INTO `hospital` VALUES (null,8,'Hospital de Trinidad', -64.90176717417661 ,-14.825830912147225,1,1,'2021-04-11 14:43:45','192.168.31.150','2021-04-11 14:43:45');
INSERT INTO `hospital` VALUES (null,8,'Hospital Materno Infantil Boliviano Japones', -64.89627400998326,-14.817699383644413,1,1,'2021-04-11 14:43:45','192.168.31.150','2021-04-11 14:43:45');
INSERT INTO `hospital` VALUES (null,8,'Clinica Rosa', -65.37126428636635,-10.782366461842999,1,1,'2021-04-11 14:43:45','192.168.31.150','2021-04-11 14:43:45');
INSERT INTO `hospital` VALUES (null,8,'Caja de Salud de Caminos', -66.06913854052355,-10.99747929322654,1,1,'2021-04-11 14:43:45','192.168.31.150','2021-04-11 14:43:45');
INSERT INTO `hospital` VALUES (null,8,'Centro de Salud "TARUMA"', -66.03841115331703,-10.98955926803307,1,1,'2021-04-11 14:43:45','192.168.31.150','2021-04-11 14:43:45');
INSERT INTO `hospital` VALUES (null,8,'Hospital 2 Nivel Riberalta', -66.05334569346768,-10.996973766058495,1,1,'2021-04-11 14:43:45','192.168.31.150','2021-04-11 14:43:45');
INSERT INTO `hospital` VALUES (null,8,'Centro de Salud Nueva Trinidad', -64.87586666355908,-14.821861564242258,1,1,'2021-04-11 14:43:45','192.168.31.150','2021-04-11 14:43:45');
INSERT INTO `hospital` VALUES (null,1,'Caja nacional de salud', -68.29241760312881,-16.646497609813206,1,1,'2021-04-11 14:43:45','192.168.31.150','2021-04-11 14:43:45');
INSERT INTO `hospital` VALUES (null,1,'Hospital Municipal de Viacha 2do Nivel', -68.28738021167479,-16.64940498308574,1,1,'2021-04-11 14:43:45','192.168.31.150','2021-04-11 14:43:45');
INSERT INTO `hospital` VALUES (null,1,'Caja nacional de Salud Viacha', -68.29363143239483,-16.653824105962293,1,1,'2021-04-11 14:43:45','192.168.31.150','2021-04-11 14:43:45');
INSERT INTO `hospital` VALUES (null,1,'Hospital Nuestra Señora de La Paz', -68.21649251527806,-16.54896619094447,1,1,'2021-04-11 14:43:45','192.168.31.150','2021-04-11 14:43:45');
INSERT INTO `hospital` VALUES (null,1,'Hospital de el Alto Sur', -68.223047192865,-16.52476286665721,1,1,'2021-04-11 14:43:45','192.168.31.150','2021-04-11 14:43:45');
INSERT INTO `hospital` VALUES (null,1,'Clinica "Divino Señor"', -68.20732810386995,-16.518595188398624,1,1,'2021-04-11 14:43:45','192.168.31.150','2021-04-11 14:43:45');
INSERT INTO `hospital` VALUES (null,1,'Hospital del Norte', -68.18329428513259,-16.525984741678787,1,1,'2021-04-11 14:43:45','192.168.31.150','2021-04-11 14:43:45');
INSERT INTO `hospital` VALUES (null,1,'Hospital Santiago Segundo CNS', -68.17843896806848,-16.532850372532277,1,1,'2021-04-11 14:43:45','192.168.31.150','2021-04-11 14:43:45');
INSERT INTO `hospital` VALUES (null,1,'Hospital Boliviano Holandes', -68.15337339451868,-16.521388123328038,1,1,'2021-04-11 14:43:45','192.168.31.150','2021-04-11 14:43:45');
INSERT INTO `hospital` VALUES (null,1,'Hospital del norte', -68.20401820415981,-16.489081540740017,1,1,'2021-04-11 14:43:45','192.168.31.150','2021-04-11 14:43:45');
INSERT INTO `hospital` VALUES (null,1,'Hospital General Chacaltaya', -68.17300486697093,-16.4844258484612,1,1,'2021-04-11 14:43:45','192.168.31.150','2021-04-11 14:43:45');
INSERT INTO `hospital` VALUES (null,1,'Hospital "La Paz"', -68.14653049126446,-16.49519739567984,1,1,'2021-04-11 14:43:45','192.168.31.150','2021-04-11 14:43:45');
INSERT INTO `hospital` VALUES (null,1,'Hospital Geriatrico Caja Nacional de Salud', -68.13172177449215,-16.504624532121802,1,1,'2021-04-11 14:43:45','192.168.31.150','2021-04-11 14:43:45');
INSERT INTO `hospital` VALUES (null,1,'Hospital Nuestra Señora de La Paz', -68.1288948808346,-16.52540751421607,1,1,'2021-04-11 14:43:45','192.168.31.150','2021-04-11 14:43:45');
INSERT INTO `hospital` VALUES (null,1,'Hospital la asunta', -67.19558083836696,-16.117703102925326,1,1,'2021-04-11 14:43:45','192.168.31.150','2021-04-11 14:43:45');
INSERT INTO `hospital` VALUES (null,1,'Hospital Universitario Nuetra Señora de La Paz', -67.24845254372791,-16.3866591035916,1,1,'2021-04-11 14:43:45','192.168.31.150','2021-04-11 14:43:45');
INSERT INTO `hospital` VALUES (null,1,'Hospital nivel de Coripata', -67.5916453875933,-16.303638479009052,1,1,'2021-04-11 14:43:45','192.168.31.150','2021-04-11 14:43:45');
INSERT INTO `hospital` VALUES (null,1,'Hospital General de Los Yungas', -67.7269145549385,-16.182338821831,1,1,'2021-04-11 14:43:45','192.168.31.150','2021-04-11 14:43:45');
INSERT INTO `hospital` VALUES (null,1,'Hospital de Coroico', -67.72676447616736,-16.19012531699471,1,1,'2021-04-11 14:43:45','192.168.31.150','2021-04-11 14:43:45');
INSERT INTO `hospital` VALUES (null,1,'Hospital Caranavi', -67.56450754961136,-15.830119196457577,1,1,'2021-04-11 14:43:45','192.168.31.150','2021-04-11 14:43:45');
INSERT INTO `hospital` VALUES (null,6,'Hospital Oruro CPS', -67.06253511273903,-17.975254730935294,1,1,'2021-04-11 14:43:45','192.168.31.150','2021-04-11 14:43:45');
INSERT INTO `hospital` VALUES (null,6,'Centro De Salud Santa Lucia', -67.10982782321612,-17.939083941947263,1,1,'2021-04-11 14:43:45','192.168.31.150','2021-04-11 14:43:45');
INSERT INTO `hospital` VALUES (null,6,'Hospital 7 de marzo', -67.08479288155611,-17.984608093196744,1,1,'2021-04-11 14:43:45','192.168.31.150','2021-04-11 14:43:45');
INSERT INTO `hospital` VALUES (null,6,'Hospital Walter Khon', -67.11276018974789,-17.984413926591614,1,1,'2021-04-11 14:43:45','192.168.31.150','2021-04-11 14:43:45');
INSERT INTO `hospital` VALUES (null,6,'Hospital San Juan de Dios', -67.11408710582995,-17.974894347543653,1,1,'2021-04-11 14:43:45','192.168.31.150','2021-04-11 14:43:45');
INSERT INTO `hospital` VALUES (null,6,'Hospital Navidad', -67.13072459184936,-17.97207875604169,1,1,'2021-04-11 14:43:45','192.168.31.150','2021-04-11 14:43:45');
INSERT INTO `hospital` VALUES (null,2,'Hospital Catolico SM-HCSM', -63.16055549606218,-17.732731118940112,1,1,'2021-04-11 14:43:45','192.168.31.150','2021-04-11 14:43:45');
INSERT INTO `hospital` VALUES (null,2,'Centro de Salud Los Cusis', -63.07704404255955,-17.73041878936926,1,1,'2021-04-11 14:43:45','192.168.31.150','2021-04-11 14:43:45');
INSERT INTO `hospital` VALUES (null,2,'Hospital Municipal de 2do Nivel - Pampa', -63.10593317909099,-17.752847126711174,1,1,'2021-04-11 14:43:45','192.168.31.150','2021-04-11 14:43:45');
INSERT INTO `hospital` VALUES (null,2,'Hospital Municipal de 2do nivel Plan 3000', -63.10894391611999,-17.836640793447042,1,1,'2021-04-11 14:43:45','192.168.31.150','2021-04-11 14:43:45');
INSERT INTO `hospital` VALUES (null,2,'Hospital De la Mujer Dr.Percy Boland', -63.184957989812546,-17.77706729946096,1,1,'2021-04-11 14:43:45','192.168.31.150','2021-04-11 14:43:45');
INSERT INTO `hospital` VALUES (null,2,'Hospital de Niños Dr. Mario Ortiz Suarez',-63.18679525823391,-17.779788788279934, 1,1,'2021-04-11 14:43:45','192.168.31.150','2021-04-11 14:43:45');
INSERT INTO `hospital` VALUES (null,2,'Caja Petrolera de Salud Hospital Santa Cruz', -63.186265135108904,-17.776512118652438,1,1,'2021-04-11 14:43:45','192.168.31.150','2021-04-11 14:43:45');
INSERT INTO `hospital` VALUES (null,2,'Hospital Municipal Principe De Paz', -57.71968656974234,-19.006041777376144,1,1,'2021-04-11 14:43:45','192.168.31.150','2021-04-11 14:43:45');
INSERT INTO `hospital` VALUES (null,2,'Hospital Naval de Ladario', -57.59760102043708,-19.001740404784652,1,1,'2021-04-11 14:43:45','192.168.31.150','2021-04-11 14:43:45');
INSERT INTO `hospital` VALUES (null,2,'Hospìtal Sam Matias', -58.39576351029592,-16.36140602413605,1,1,'2021-04-11 14:43:45','192.168.31.150','2021-04-11 14:43:45');
INSERT INTO `hospital` VALUES (null,2,'Hospital Grumedso',-63.20446875313053,-17.83614199769768, 1,1,'2021-04-11 14:43:45','192.168.31.150','2021-04-11 14:43:45');
INSERT INTO `hospital` VALUES (null,2,'Centro de Salud Los Cusis', -63.07751019421426,-17.73399351593223,1,1,'2021-04-11 14:43:45','192.168.31.150','2021-04-11 14:43:45');
INSERT INTO `hospital` VALUES (null,2,'Santa Fe de Amboro',-63.52029084117685,-17.690792678669972,1,1,'2021-04-11 14:43:45','192.168.31.150','2021-04-11 14:43:45');
INSERT INTO `hospital` VALUES (null,9,'Nuevo Hospital Losi',-65.76884097732069,-19.5634436131794,1,1,'2021-04-11 14:43:45','192.168.31.150','2021-04-11 14:43:45');
INSERT INTO `hospital` VALUES (null,9,'Hospital Madre Teresa de Calcula',-65.76920185092058,-19.5634436131794,1,1,'2021-04-11 14:43:45','192.168.31.150','2021-04-11 14:43:45');
INSERT INTO `hospital` VALUES (null,9,'Hospital Saint Jude',-65.76768618180104,-19.567252025351824,1,1,'2021-04-11 14:43:45','192.168.31.150','2021-04-11 14:43:45');
INSERT INTO `hospital` VALUES (null,9,'Hospital CRUEM Centro, regulador de urgencia', -65.76644154114418,-19.581718535978947,1,1,'2021-04-11 14:43:45','192.168.31.150','2021-04-11 14:43:45');
INSERT INTO `hospital` VALUES (null,9,'Hospital Liradent',-65.75497636408437,-19.571684374373138,1,1,'2021-04-11 14:43:45','192.168.31.150','2021-04-11 14:43:45');
INSERT INTO `hospital` VALUES (null,9,'Centro de Salud Huyuni',-65.75371330648476,-19.577940684101932, 1,1,'2021-04-11 14:43:45','192.168.31.150','2021-04-11 14:43:45');
INSERT INTO `hospital` VALUES (null,9,'Seguro social Universitario',-65.7570694309783,-19.580966746949862, 1,1,'2021-04-11 14:43:45','192.168.31.150','2021-04-11 14:43:45');
INSERT INTO `hospital` VALUES (null,9,'Centro medico de Especialidades',-65.75439896633911,-19.58463874661376,1,1,'2021-04-11 14:43:45','192.168.31.150','2021-04-11 14:43:45');
INSERT INTO `hospital` VALUES (null,9,'Centro de salud Losi',-65.7490414931251,-19.588972827601786,1,1,'2021-04-11 14:43:45','192.168.31.150','2021-04-11 14:43:45');
INSERT INTO `hospital` VALUES (null,9,'Hospital Boliviano Cubano San Cristobal',-65.74496362144636,-19.594480521841593, 1,1,'2021-04-11 14:43:45','192.168.31.150','2021-04-11 14:43:45');
INSERT INTO `hospital` VALUES (null,5,'Hospital de Tercer Nivel de Lajastambo',-65.30933490760988,-19.00869936587527, 1,1,'2021-04-11 14:43:45','192.168.31.150','2021-04-11 14:43:45');
INSERT INTO `hospital` VALUES (null,5,'Hospital Municipal San Pedro Claver',-65.30682436017585,-19.0075632582846, 1,1,'2021-04-11 14:43:45','192.168.31.150','2021-04-11 14:43:45');
INSERT INTO `hospital` VALUES (null,5,'Hospital Barrio Belen Sucre',-65.29894666197563,-19.02557518606575, 1,1,'2021-04-11 14:43:45','192.168.31.150','2021-04-11 14:43:45');
INSERT INTO `hospital` VALUES (null,5,'Hospital FH Bolivia Reg Sucre',-65.26159554286684,-19.016630658999528, 1,1,'2021-04-11 14:43:45','192.168.31.150','2021-04-11 14:43:45');
INSERT INTO `hospital` VALUES (null,5,'Hospital San Juan de Dios',-65.26198178093362,-19.01922732333871, 1,1,'2021-04-11 14:43:45','192.168.31.150','2021-04-11 14:43:45');
INSERT INTO `hospital` VALUES (null,5,'Centro de Salud Sagrada Familia',-65.2472618177292,-19.023284530350782, 1,1,'2021-04-11 14:43:45','192.168.31.150','2021-04-11 14:43:45');
INSERT INTO `hospital` VALUES (null,5,'Hospital Universitario',-65.25698214276004,-19.028153047783825, 1,1,'2021-04-11 14:43:45','192.168.31.150','2021-04-11 14:43:45');
INSERT INTO `hospital` VALUES (null,5,'Hospital Univalle Sucre', -65.25361141202475,-19.03474699964223,1,1,'2021-04-11 14:43:45','192.168.31.150','2021-04-11 14:43:45');
INSERT INTO `hospital` VALUES (null,5,'Hospital Cristo de las Americas',-65.26890565970257,-19.044270629668734, 1,1,'2021-04-11 14:43:45','192.168.31.150','2021-04-11 14:43:45');
INSERT INTO `hospital` VALUES (null,5,'Hospital Jaime Mendoza',-65.26313997129456,-19.044213260039815,1,1,'2021-04-11 14:43:45','192.168.31.150','2021-04-11 14:43:45');
INSERT INTO `hospital` VALUES (null,5,'Hospital Popular IPTK Dr. Georges Duez',-65.25789016027043,-19.044557477515927,1,1,'2021-04-11 14:43:45','192.168.31.150','2021-04-11 14:43:45');
INSERT INTO `hospital` VALUES (null,5,'Hospital Los Angeles',-65.26540869280115,-19.05508410916176,1,1,'2021-04-11 14:43:45','192.168.31.150','2021-04-11 14:43:45');
INSERT INTO `hospital` VALUES (null,5,'Hospital Municipal de AZARI',-65.23540163555754,-19.08171296887797, 1,1,'2021-04-11 14:43:45','192.168.31.150','2021-04-11 14:43:45');
INSERT INTO `hospital` VALUES (null,5,'Hospital Caja de Salud Cordes Sucre',-65.24298682557125,-19.04326174391181,1,1,'2021-04-11 14:43:45','192.168.31.150','2021-04-11 14:43:45');
INSERT INTO `hospital` VALUES (null,5,'Hospital Monseñor Jesus Perez',-65.25538267618663,-19.05044885948987, 1,1,'2021-04-11 14:43:45','192.168.31.150','2021-04-11 14:43:45');
INSERT INTO `hospital` VALUES (null,5,'Hospital Alegria', -65.27526408076902,-18.988714831021834,1,1,'2021-04-11 14:43:45','192.168.31.150','2021-04-11 14:43:45');
INSERT INTO `hospital` VALUES (null,5,'Hospital Posta Sanitaria Waca Huasi', -65.27526408076902,-18.988714831021834,1,1,'2021-04-11 14:43:45','192.168.31.150','2021-04-11 14:43:45');
INSERT INTO `hospital` VALUES (null,3,'Hospital del Sub', -66.15027364624274,-17.447078916615332,1,1,'2021-04-11 14:43:45','192.168.31.150','2021-04-11 14:43:45');
INSERT INTO `hospital` VALUES (null,3,'Hospital Cubano', -66.12641271678424,-17.44511373838111,1,1,'2021-04-11 14:43:45','192.168.31.150','2021-04-11 14:43:45');
INSERT INTO `hospital` VALUES (null,3,'Hospital Univalle', -66.13293584857865,-17.418909338738715,1,1,'2021-04-11 14:43:45','192.168.31.150','2021-04-11 14:43:45');
INSERT INTO `hospital` VALUES (null,3,'Hospital Caja Nacional de Salud', -66.20563649554106,-17.392240788498476,1,1,'2021-04-11 14:43:45','192.168.31.150','2021-04-11 14:43:45');
INSERT INTO `hospital` VALUES (null,3,'Clinica Los Olivos',-66.1794043880582,-17.387273122902936, 1,1,'2021-04-11 14:43:45','192.168.31.150','2021-04-11 14:43:45');
INSERT INTO `hospital` VALUES (null,3,'Hospital Univalle Norte', -66.16041928133225,-17.371297753843216,1,1,'2021-04-11 14:43:45','192.168.31.150','2021-04-11 14:43:45');
INSERT INTO `hospital` VALUES (null,3,'Clinica Los angeles', -66.16479688805748,-17.377586874738345,1,1,'2021-04-11 14:43:45','192.168.31.150','2021-04-11 14:43:45');
INSERT INTO `hospital` VALUES (null,3,'Hospital San Vicente',-66.15844551336657,-17.3859212210533, 1,1,'2021-04-11 14:43:45','192.168.31.150','2021-04-11 14:43:45');
INSERT INTO `hospital` VALUES (null,3,'Clinica bamba',-66.15234612278708,-17.398756136706147, 1,1,'2021-04-11 14:43:45','192.168.31.150','2021-04-11 14:43:45');
INSERT INTO `hospital` VALUES (null,3,'Hospital COSSMIL',-66.14530800654114,-17.378647682733423, 1,1,'2021-04-11 14:43:45','192.168.31.150','2021-04-11 14:43:45');
INSERT INTO `hospital` VALUES (null,3,'Hospital Viedma', -66.14865540311986,-17.38495484906885, 1,1,'2021-04-11 14:43:45','192.168.31.150','2021-04-11 14:43:45');
INSERT INTO `hospital` VALUES (null,3,'Hospital Solomon Klein',-66.10968827195619,-17.382210848867448, 1,1,'2021-04-11 14:43:45','192.168.31.150','2021-04-11 14:43:45');
INSERT INTO `hospital` VALUES (null,3,'Hospital Mexicano',-66.03532499029482,-17.400388911353893, 1,1,'2021-04-11 14:43:45','192.168.31.150','2021-04-11 14:43:45');
INSERT INTO `hospital` VALUES (null,3,'Hospital Arebalo', -66.04391712750812,-17.40291806437417,1,1,'2021-04-11 14:43:45','192.168.31.150','2021-04-11 14:43:45');
INSERT INTO `hospital` VALUES (null,3,'Centro de Salud Alalay', -66.02698034833388,-17.41927424067326,1,1,'2021-04-11 14:43:45','192.168.31.150','2021-04-11 14:43:45');
INSERT INTO `hospital` VALUES (null,3,'Centro de salud Catachilla', -65.98543829514968,-17.403713629651012,1,1,'2021-04-11 14:43:45','192.168.31.150','2021-04-11 14:43:45');
INSERT INTO `hospital` VALUES (null,3,'Centro de Salud Villa Israel',-66.17277568196498,-17.485630865398758, 1,1,'2021-04-11 14:43:45','192.168.31.150','2021-04-11 14:43:45');
INSERT INTO `hospital` VALUES (null,3,'Clinica Trocoso',-66.34585343580774,-17.4614222675751, 1,1,'2021-04-11 14:43:45','192.168.31.150','2021-04-11 14:43:45');
INSERT INTO `hospital` VALUES (null,3,'Hospital Montenegro',-66.33896875391927,-17.447407447191953, 1,1,'2021-04-11 14:43:45','192.168.31.150','2021-04-11 14:43:45');
INSERT INTO `hospital` VALUES (null,3,'Centro del Adulto Mayor Caramarca',-66.3123072886883,-17.43194721535981, 1,1,'2021-04-11 14:43:45','192.168.31.150','2021-04-11 14:43:45');
INSERT INTO `hospital` VALUES (null,3,'Centra de Salud Vinto Chico',-66.32649614418118,-17.414290649181897, 1,1,'2021-04-11 14:43:45','192.168.31.150','2021-04-11 14:43:45');
INSERT INTO `hospital` VALUES (null,3,'Hospital Municipal de VINTO',-66.3183404014869,-17.39648775535269, 1,1,'2021-04-11 14:43:45','192.168.31.150','2021-04-11 14:43:45');
INSERT INTO `hospital` VALUES (null,4,'Centro de Salud Guadalquivir',-64.74669213061915,-21.50959908607809, 1,1,'2021-04-11 14:43:45','192.168.31.150','2021-04-11 14:43:45');
INSERT INTO `hospital` VALUES (null,4,'Hospital San Antonio',-64.7603695718748,-21.528732646105404, 1,1,'2021-04-11 14:43:45','192.168.31.150','2021-04-11 14:43:45');
INSERT INTO `hospital` VALUES (null,4,'Hospital de seguridad nivel San Antonio',-64.76057371278907,-21.531343730600078, 1,1,'2021-04-11 14:43:45','192.168.31.150','2021-04-11 14:43:45');
INSERT INTO `hospital` VALUES (null,4,'Clinica de Ojos',-64.71868004205513,-21.538768697225187, 1,1,'2021-04-11 14:43:45','192.168.31.150','2021-04-11 14:43:45');
INSERT INTO `hospital` VALUES (null,4,'Clinica Cordes Tarija',-64.7262239654468,-21.53922185771525, 1,1,'2021-04-11 14:43:45','192.168.31.150','2021-04-11 14:43:45');
INSERT INTO `hospital` VALUES (null,4,'Hospital Regional San Juan de Dios',-64.72605769250428,-21.529321647013646, 1,1,'2021-04-11 14:43:45','192.168.31.150','2021-04-11 14:43:45');
INSERT INTO `hospital` VALUES (null,4,'Centro de Salud El Constructor', -64.71297900301244,-21.522356664325805,1,1,'2021-04-11 14:43:45','192.168.31.150','2021-04-11 14:43:45');
INSERT INTO `hospital` VALUES (null,4,'Hospital Oncologico',-64.71655979897109,-21.51946307498631, 1,1,'2021-04-11 14:43:45','192.168.31.150','2021-04-11 14:43:45');
INSERT INTO `hospital` VALUES (null,4,'Centro de Salud Torrecillas',-64.6769821596346,-21.551819599817676, 1,1,'2021-04-11 14:43:45','192.168.31.150','2021-04-11 14:43:45');
INSERT INTO `hospital` VALUES (null,4,'Caja de Salud Cordes',-64.33314207658997,-22.734518523501844, 1,1,'2021-04-11 14:43:45','192.168.31.150','2021-04-11 14:43:45');
COMMIT;


-- INSERT FARMACIAS
START TRANSACTION;
INSERT INTO `drugstore` VALUES (null,1,'Farmacia Bolivia', -68.11851060741613,-16.496072190882433,1,1,'2021-05-13 14:43:45','192.168.31.150','2021-05-13 14:44:45');
INSERT INTO `drugstore` VALUES (null,1,'Farmacia Bolivia - Sucursal España', -68.12901272649856,-16.51367020382876,1,1,'2021-05-13 14:43:45','192.168.31.150','2021-05-13 14:44:45');
INSERT INTO `drugstore` VALUES (null,1,'Farmacia Gloria', -68.08351289175957,-16.5374810965175,1,1,'2021-05-13 14:43:45','192.168.31.150','2021-05-13 14:44:45');
INSERT INTO `drugstore` VALUES (null,1,'Farmacia Chacaltaya', -68.1713726408543,-16.487310706975936,1,1,'2021-05-13 14:43:45','192.168.31.150','2021-05-13 14:44:45');
INSERT INTO `drugstore` VALUES (null,1,'Farmacia Virgen de Copacabana', -68.16152151478227,-16.505043468319002,1,1,'2021-05-13 14:43:45','192.168.31.150','2021-05-13 14:44:45');
INSERT INTO `drugstore` VALUES (null,1,'Farmacia El Alto', -68.16607337433095,-16.515575689551355,1,1,'2021-05-13 14:43:45','192.168.31.150','2021-05-13 14:44:45');
INSERT INTO `drugstore` VALUES (null,1,'Farmacia Veterinaria Biotech', -67.9096365341285,-17.227901957778947,1,1,'2021-05-13 14:43:45','192.168.31.150','2021-05-13 14:44:45');
INSERT INTO `drugstore` VALUES (null,1,'Farmacia Botica Esperanza', -67.7299022547715,-16.187684208975252,1,1,'2021-05-13 14:43:45','192.168.31.150','2021-05-13 14:44:45');
INSERT INTO `drugstore` VALUES (null,1,'Farmacia Selva Playa Maria', -67.77762411661577,-16.193618922194595,1,1,'2021-05-13 14:43:45','192.168.31.150','2021-05-13 14:44:45');
INSERT INTO `drugstore` VALUES (null,1,'Farmacia Botica Heredia', -67.522225317944,-16.391804003423978,1,1,'2021-05-13 14:43:45','192.168.31.150','2021-05-13 14:44:45');
INSERT INTO `drugstore` VALUES (null,1,'Farmacia Condori Copa', -68.7074460321313,-16.019900932186427,1,1,'2021-05-13 14:43:45','192.168.31.150','2021-05-13 14:44:45');
INSERT INTO `drugstore` VALUES (null,1,'Farmacia Catedral', -68.70690539017559,-16.83873682935318,1,1,'2021-05-13 14:43:45','192.168.31.150','2021-05-13 14:44:45');
INSERT INTO `drugstore` VALUES (null,7,'Farmacia REDDO', -68.82874919954295,-11.05557390674315,1,1,'2021-05-13 14:43:45','192.168.31.150','2021-05-13 14:44:45');
INSERT INTO `drugstore` VALUES (null,7,'Farmacia Amazonica A y C', -68.82578266567606,-11.028267612659493,1,1,'2021-05-13 14:43:45','192.168.31.150','2021-05-13 14:44:45');
INSERT INTO `drugstore` VALUES (null,7,'Farmacia Panamericana del Amazona', -68.80243671887455,-11.033490796251874,1,1,'2021-05-13 14:43:45','192.168.31.150','2021-05-13 14:44:45');
INSERT INTO `drugstore` VALUES (null,7,'Farmacia Nirysan', -68.70070350365168,-11.298097074564165,1,1,'2021-05-13 14:43:45','192.168.31.150','2021-05-13 14:44:45');
INSERT INTO `drugstore` VALUES (null,7,'Farmacia Mano de Dios', -67.24903895160773,-11.481844827465281,1,1,'2021-05-13 14:43:45','192.168.31.150','2021-05-13 14:44:45');
INSERT INTO `drugstore` VALUES (null,7,'Farmacia Dra. Carolay', -67.2425158194132,-11.492106430217072,1,1,'2021-05-13 14:43:45','192.168.31.150','2021-05-13 14:44:45');
INSERT INTO `drugstore` VALUES (null,7,'Farmacia Pando', -68.82059513617462,-11.039499786535082,1,1,'2021-05-13 14:43:45','192.168.31.150','2021-05-13 14:44:45');
INSERT INTO `drugstore` VALUES (null,7,'Farmacia Terceros', -68.80997980798178,-11.045710985680392,1,1,'2021-05-13 14:43:45','192.168.31.150','2021-05-13 14:44:45');
INSERT INTO `drugstore` VALUES (null,7,'Farmacia Señ6r de Mayo', -68.78333941674602,-11.034190108780445,1,1,'2021-05-13 14:43:45','192.168.31.150','2021-05-13 14:44:45');
INSERT INTO `drugstore` VALUES (null,7,'Farmacia Lourdes', -68.78286843963642,-11.025959814073328,1,1,'2021-05-13 14:43:45','192.168.31.150','2021-05-13 14:44:45');
INSERT INTO `drugstore` VALUES (null,8,'Farmacia San Jose', -65.96313122903791,-11.034453052259591,1,1,'2021-05-13 14:43:45','192.168.31.150','2021-05-13 14:44:45');
INSERT INTO `drugstore` VALUES (null,8,'Farmacia Beni Mam6e', -66.04155609311901,-11.024408812559308,1,1,'2021-05-13 14:43:45','192.168.31.150','2021-05-13 14:44:45');
INSERT INTO `drugstore` VALUES (null,8,'Farmacia Beniana', -65.36482100089056,-10.821019423445676,1,1,'2021-05-13 14:43:45','192.168.31.150','2021-05-13 14:44:45');
INSERT INTO `drugstore` VALUES (null,8,'Farmacia Rio Farma', -65.35961540725752,-10.821420445143836,1,1,'2021-05-13 14:43:45','192.168.31.150','2021-05-13 14:44:45');
INSERT INTO `drugstore` VALUES (null,8,'Farmacia Estahel', -64.05511580527921,-13.258181700733177,1,1,'2021-05-13 14:43:45','192.168.31.150','2021-05-13 14:44:45');
INSERT INTO `drugstore` VALUES (null,8,'Farmacia Don Lalo', -65.42671414295474,-13.742784789488683,1,1,'2021-05-13 14:43:45','192.168.31.150','2021-05-13 14:44:45');
INSERT INTO `drugstore` VALUES (null,8,'Farmacia Doña Leo', -67.32346635070647,-14.288766897598872,1,1,'2021-05-13 14:43:45','192.168.31.150','2021-05-13 14:44:45');
INSERT INTO `drugstore` VALUES (null,8,'Farmacia Farmed', -66.75027660842028,-14.849958248362281,1,1,'2021-05-13 14:43:45','192.168.31.150','2021-05-13 14:44:45');
INSERT INTO `drugstore` VALUES (null,8,'Farmacia Jhadiel', -64.89470320061714,-14.841813159113418,1,1,'2021-05-13 14:43:45','192.168.31.150','2021-05-13 14:44:45');
INSERT INTO `drugstore` VALUES (null,8,'Farmacia Santa Fe', -64.88663963400911,-14.824052719697859,1,1,'2021-05-13 14:43:45','192.168.31.150','2021-05-13 14:44:45');
INSERT INTO `drugstore` VALUES (null,8,'Farmacia El Carmen', -64.8966425394216,-14.82444741196615,1,1,'2021-05-13 14:43:45','192.168.31.150','2021-05-13 14:44:45');
INSERT INTO `drugstore` VALUES (null,8,'Farmacia San Gerardo', -64.90600913565497,-14.841147293532016,1,1,'2021-05-13 14:43:45','192.168.31.150','2021-05-13 14:44:45');
INSERT INTO `drugstore` VALUES (null,8,'Farmacia Cruz Verde', -64.91531967412526,-14.824821212100758,1,1,'2021-05-13 14:43:45','192.168.31.150','2021-05-13 14:44:45');
INSERT INTO `drugstore` VALUES (null,2,'Farmacia Chavez', -63.15180307977783,-17.76614267071092,1,1,'2021-05-13 14:43:45','192.168.31.150','2021-05-13 14:44:45');
INSERT INTO `drugstore` VALUES (null,2,'Farmacia Chavez Sucursal Banzer', -63.173033736163525,-17.74009044782896,1,1,'2021-05-13 14:43:45','192.168.31.150','2021-05-13 14:44:45');
INSERT INTO `drugstore` VALUES (null,2,'Farmacia Unidas', -63.18140351416174,-17.82736988165804,1,1,'2021-05-13 14:43:45','192.168.31.150','2021-05-13 14:44:45');
INSERT INTO `drugstore` VALUES (null,2,'Farmacia FarmaCruz', -63.14864329950574,-17.7961492690162,1,1,'2021-05-13 14:43:45','192.168.31.150','2021-05-13 14:44:45');
INSERT INTO `drugstore` VALUES (null,2,'Farmacia Iberica', -63.18263225226192,-17.782909541517792,1,1,'2021-05-13 14:43:45','192.168.31.150','2021-05-13 14:44:45');
INSERT INTO `drugstore` VALUES (null,2,'Farmacia Cristal', -63.20014171236304,-17.775226780544955,1,1,'2021-05-13 14:43:45','192.168.31.150','2021-05-13 14:44:45');
INSERT INTO `drugstore` VALUES (null,2,'Farmacia Andrecito', -62.51212796646732,-16.570668412404174,1,1,'2021-05-13 14:43:45','192.168.31.150','2021-05-13 14:44:45');
INSERT INTO `drugstore` VALUES (null,2,'Farmacia Farmacorp', -63.21906210010854,-17.054036548041417,1,1,'2021-05-13 14:43:45','192.168.31.150','2021-05-13 14:44:45');
INSERT INTO `drugstore` VALUES (null,2,'Farmacia Urkupiña', -63.1219557630699,-15.843345270611556,1,1,'2021-05-13 14:43:45','192.168.31.150','2021-05-13 14:44:45');
INSERT INTO `drugstore` VALUES (null,2,'Farmacia Emanuel', -63.829974490273365,-16.682233286078176,1,1,'2021-05-13 14:43:45','192.168.31.150','2021-05-13 14:44:45');
INSERT INTO `drugstore` VALUES (null,2,'Farmacia Shalom', -60.958540873493355,-16.373775610943667,1,1,'2021-05-13 14:43:45','192.168.31.150','2021-05-13 14:44:45');
INSERT INTO `drugstore` VALUES (null,2,'Farmacia San Ignacio', -60.965338317086065,-16.37313507985526,1,1,'2021-05-13 14:43:45','192.168.31.150','2021-05-13 14:44:45');
INSERT INTO `drugstore` VALUES (null,2,'Farmacia Farmacia', -63.359644929669386,-18.852236818432235,1,1,'2021-05-13 14:43:45','192.168.31.150','2021-05-13 14:44:45');
INSERT INTO `drugstore` VALUES (null,2,'Farmacia San Jorge', -59.753492964910755,-18.330588901393433,1,1,'2021-05-13 14:43:45','192.168.31.150','2021-05-13 14:44:45');
INSERT INTO `drugstore` VALUES (null,2,'Farmacia San Pedro', -59.824904096303605,-18.411393628279633,1,1,'2021-05-13 14:43:45','192.168.31.150','2021-05-13 14:44:45');
INSERT INTO `drugstore` VALUES (null,4,'Farmacia Alafarma', -64.74621695339076,-21.538923829604155,1,1,'2021-05-13 14:43:45','192.168.31.150','2021-05-13 14:44:45');
INSERT INTO `drugstore` VALUES (null,4,'Farmacia Gustavo', -64.75483514095255,-21.52932645524815,1,1,'2021-05-13 14:43:45','192.168.31.150','2021-05-13 14:44:45');
INSERT INTO `drugstore` VALUES (null,4,'Farmacia Mia Farma', -64.7315903113635,-21.51566321658912,1,1,'2021-05-13 14:43:45','192.168.31.150','2021-05-13 14:44:45');
INSERT INTO `drugstore` VALUES (null,4,'Farmacia Sheisa', -64.71435393634847,-21.526842325629097,1,1,'2021-05-13 14:43:45','192.168.31.150','2021-05-13 14:44:45');
INSERT INTO `drugstore` VALUES (null,4,'Farmacia Farmacorp - Sucursal Eulogio Ruiz', -64.71101590601278,-21.542367438619895,1,1,'2021-05-13 14:43:45','192.168.31.150','2021-05-13 14:44:45');
INSERT INTO `drugstore` VALUES (null,4,'Farmacia Chavez - Sucursal Tarija', -64.75977688324362,-21.527317689261945,1,1,'2021-05-13 14:43:45','192.168.31.150','2021-05-13 14:44:45');
INSERT INTO `drugstore` VALUES (null,4,'Farmacia Bilbao', -63.446592427645285,-21.26015672391481,1,1,'2021-05-13 14:43:45','192.168.31.150','2021-05-13 14:44:45');
INSERT INTO `drugstore` VALUES (null,4,'Farmacia Gran Chaco', -63.47663316801488,-21.25183759555033,1,1,'2021-05-13 14:43:45','192.168.31.150','2021-05-13 14:44:45');
INSERT INTO `drugstore` VALUES (null,4,'Farmacia Villa Montes', -63.465396096506716,-21.26930981210603,1,1,'2021-05-13 14:43:45','192.168.31.150','2021-05-13 14:44:45');
INSERT INTO `drugstore` VALUES (null,4,'Farmacia Sol y Vid', -63.674311535331796,-21.97180827642312,1,1,'2021-05-13 14:43:45','192.168.31.150','2021-05-13 14:44:45');
INSERT INTO `drugstore` VALUES (null,4,'Farmacia SIES', -63.69542588427728,-21.987408360342126,1,1,'2021-05-13 14:43:45','192.168.31.150','2021-05-13 14:44:45');
INSERT INTO `drugstore` VALUES (null,4,'Farmacia FarmaSol', -63.66229523918396,-21.9493602511492,1,1,'2021-05-13 14:43:45','192.168.31.150','2021-05-13 14:44:45');
INSERT INTO `drugstore` VALUES (null,4,'Farmacia SandiFarma', -64.75001319239603,-21.416524819224044,1,1,'2021-05-13 14:43:45','192.168.31.150','2021-05-13 14:44:45');
INSERT INTO `drugstore` VALUES (null,5,'Farmacia la Catolica', -65.2433164076247,-19.05188176561999,1,1,'2021-05-13 14:43:45','192.168.31.150','2021-05-13 14:44:45');
INSERT INTO `drugstore` VALUES (null,5,'Farmacia Gutierrez', -65.2462346509749,-19.020157228204095,1,1,'2021-05-13 14:43:45','192.168.31.150','2021-05-13 14:44:45');
INSERT INTO `drugstore` VALUES (null,5,'Farmacia Unifarm', -65.25267195248267,-19.03103025863697,1,1,'2021-05-13 14:43:45','192.168.31.150','2021-05-13 14:44:45');
INSERT INTO `drugstore` VALUES (null,5,'Farmacia MediPiel', -65.26897978296901,-19.044985642684317,1,1,'2021-05-13 14:43:45','192.168.31.150','2021-05-13 14:44:45');
INSERT INTO `drugstore` VALUES (null,5,'Farmacia FarmaSur', -65.26649069305267,-19.06226597462173,1,1,'2021-05-13 14:43:45','192.168.31.150','2021-05-13 14:44:45');
INSERT INTO `drugstore` VALUES (null,5,'Farmacia Farmacorp - Sucursal Sucre', -65.28013777254598,-19.032815314978713,1,1,'2021-05-13 14:43:45','192.168.31.150','2021-05-13 14:44:45');
INSERT INTO `drugstore` VALUES (null,5,'Farmacia Jerusalen', -63.95603193332241,-19.79437199361379,1,1,'2021-05-13 14:43:45','192.168.31.150','2021-05-13 14:44:45');
INSERT INTO `drugstore` VALUES (null,5,'Farmacia Villa Charcaas', -64.87014291672484,-20.703764455765263,1,1,'2021-05-13 14:43:45','192.168.31.150','2021-05-13 14:44:45');
INSERT INTO `drugstore` VALUES (null,5,'Farmacia Cristo Rey', -65.19447808243387,-20.63289638996821,1,1,'2021-05-13 14:43:45','192.168.31.150','2021-05-13 14:44:45');
INSERT INTO `drugstore` VALUES (null,5,'Farmacia Botica Rios', -65.29935292643559,-20.94337935041243,1,1,'2021-05-13 14:43:45','192.168.31.150','2021-05-13 14:44:45');
INSERT INTO `drugstore` VALUES (null,5,'Farmacia Haase Perez', -64.41322213345987,-20.105949186810317,1,1,'2021-05-13 14:43:45','192.168.31.150','2021-05-13 14:44:45');
INSERT INTO `drugstore` VALUES (null,9,'Farmacia Madre de Dios SA', -65.74433044791526,-19.596427625206324,1,1,'2021-05-13 14:43:45','192.168.31.150','2021-05-13 14:44:45');
INSERT INTO `drugstore` VALUES (null,9,'Farmacia del Centro', -65.75875000329268,-19.58688595288912,1,1,'2021-05-13 14:43:45','192.168.31.150','2021-05-13 14:44:45');
INSERT INTO `drugstore` VALUES (null,9,'Farmacia Gessba', -65.76913551639187,-19.56723479591682,1,1,'2021-05-13 14:43:45','192.168.31.150','2021-05-13 14:44:45');
INSERT INTO `drugstore` VALUES (null,9,'Farmacia Cristo de las Americas', -65.75059608804949,-19.56286754670205,1,1,'2021-05-13 14:43:45','192.168.31.150','2021-05-13 14:44:45');
INSERT INTO `drugstore` VALUES (null,9,'Farmacia San Silvestre', -65.7393522680826,-19.578718479150865,1,1,'2021-05-13 14:43:45','192.168.31.150','2021-05-13 14:44:45');
INSERT INTO `drugstore` VALUES (null,9,'Farmacia Santana', -67.14753018896062,-21.154191166471772,1,1,'2021-05-13 14:43:45','192.168.31.150','2021-05-13 14:44:45');
INSERT INTO `drugstore` VALUES (null,9,'Farmacia San Cristobal', -67.17978445539272,-21.152477696902157,1,1,'2021-05-13 14:43:45','192.168.31.150','2021-05-13 14:44:45');
INSERT INTO `drugstore` VALUES (null,9,'Farmacia San Pablo Potosi', -66.83961879365317,-20.46665125490773,1,1,'2021-05-13 14:43:45','192.168.31.150','2021-05-13 14:44:45');
INSERT INTO `drugstore` VALUES (null,9,'Farmacia Virgen Sel Rosario', -66.82760249726134,-20.449924502478307,1,1,'2021-05-13 14:43:45','192.168.31.150','2021-05-13 14:44:45');
INSERT INTO `drugstore` VALUES (null,9,'Farmacia C6azon de Jesus', -66.81095134402791,-20.466490429361027,1,1,'2021-05-13 14:43:45','192.168.31.150','2021-05-13 14:44:45');
INSERT INTO `drugstore` VALUES (null,9,'Farmacia San Simon Uyuni', -66.82185184124772,-20.47211922099492,1,1,'2021-05-13 14:43:45','192.168.31.150','2021-05-13 14:44:45');
INSERT INTO `drugstore` VALUES (null,9,'Farmacia Luz de Vida', -65.718713250313,-21.444347992772133,1,1,'2021-05-13 14:43:45','192.168.31.150','2021-05-13 14:44:45');
INSERT INTO `drugstore` VALUES (null,9,'Farmacia 27 de Octubre', -65.66223086020891,-20.81108330061837,1,1,'2021-05-13 14:43:45','192.168.31.150','2021-05-13 14:44:45');
INSERT INTO `drugstore` VALUES (null,6,'Farmacia Santander', -67.1242617389169,-17.98074105520161,1,1,'2021-05-13 14:43:45','192.168.31.150','2021-05-13 14:44:45');
INSERT INTO `drugstore` VALUES (null,6,'Farmacia Jesus Maria', -67.10393009959944,-17.984666468633286,1,1,'2021-05-13 14:43:45','192.168.31.150','2021-05-13 14:44:45');
INSERT INTO `drugstore` VALUES (null,6,'Farmacia Karina Oruro', -67.10544738600709,-17.945177452735194,1,1,'2021-05-13 14:43:45','192.168.31.150','2021-05-13 14:44:45');
INSERT INTO `drugstore` VALUES (null,6,'Farmacia Oruro', -67.12468657906898,-17.949161393880445,1,1,'2021-05-13 14:43:45','192.168.31.150','2021-05-13 14:44:45');
INSERT INTO `drugstore` VALUES (null,6,'Farmacia Guadalupe Oruro', -67.11060616019837,-17.962729215795754,1,1,'2021-05-13 14:43:45','192.168.31.150','2021-05-13 14:44:45');
INSERT INTO `drugstore` VALUES (null,6,'Farmacia San Antonio de Oruro', -67.97443864911705,-18.42210782288701,1,1,'2021-05-13 14:43:45','192.168.31.150','2021-05-13 14:44:45');
INSERT INTO `drugstore` VALUES (null,6,'Farmacia Virgen de la Candelaria', -68.38006316070879,-18.97981734934544,1,1,'2021-05-13 14:43:45','192.168.31.150','2021-05-13 14:44:45');
INSERT INTO `drugstore` VALUES (null,6,'Farmacia El Sureño', -67.50939667411139,-18.74329970082237,1,1,'2021-05-13 14:43:45','192.168.31.150','2021-05-13 14:44:45');
INSERT INTO `drugstore` VALUES (null,6,'Farmacia de Challapata', -66.76812718771676,-18.901467664419712,1,1,'2021-05-13 14:43:45','192.168.31.150','2021-05-13 14:44:45');
INSERT INTO `drugstore` VALUES (null,6,'Farmacia San Andres de Caracollo', -67.21521315039759,-17.63165246101499,1,1,'2021-05-13 14:43:45','192.168.31.150','2021-05-13 14:44:45');
INSERT INTO `drugstore` VALUES (null,3,'Farmacia FarmaElias', -66.16109350204881,-17.431720925386458,1,1,'2021-05-13 14:43:45','192.168.31.150','2021-05-13 14:44:45');
INSERT INTO `drugstore` VALUES (null,3,'Farmacia Chavez - Sucursal Suecia', -66.13139099689307,-17.420618944108014,1,1,'2021-05-13 14:43:45','192.168.31.150','2021-05-13 14:44:45');
INSERT INTO `drugstore` VALUES (null,3,'Farmacia Bolivia Cochabamba', -66.13039435694718,-17.39056178475737,1,1,'2021-05-13 14:43:45','192.168.31.150','2021-05-13 14:44:45');
INSERT INTO `drugstore` VALUES (null,3,'Farmacia Sucursal America', -66.16162791892394,-17.35471331613342,1,1,'2021-05-13 14:43:45','192.168.31.150','2021-05-13 14:44:45');
INSERT INTO `drugstore` VALUES (null,3,'Farmacia Artesanal Cochabamba', -66.15871891086027,-17.38525314710761,1,1,'2021-05-13 14:43:45','192.168.31.150','2021-05-13 14:44:45');
INSERT INTO `drugstore` VALUES (null,3,'Farmacia Rosales', -65.35026814593495,-17.883984784033327,1,1,'2021-05-13 14:43:45','192.168.31.150','2021-05-13 14:44:45');
INSERT INTO `drugstore` VALUES (null,3,'Farmacia Boliviana', -65.18397759837276,-18.169492792451756,1,1,'2021-05-13 14:43:45','192.168.31.150','2021-05-13 14:44:45');
INSERT INTO `drugstore` VALUES (null,3,'Farmacia Mizque', -65.49082568676896,-18.00906805184629,1,1,'2021-05-13 14:43:45','192.168.31.150','2021-05-13 14:44:45');
INSERT INTO `drugstore` VALUES (null,3,'Farmacia San Juan de Dios', -65.77216608251528,-17.62683468533638,1,1,'2021-05-13 14:43:45','192.168.31.150','2021-05-13 14:44:45');
INSERT INTO `drugstore` VALUES (null,3,'Farmacia Tiraque', -65.71962288850679,-17.42256254285224,1,1,'2021-05-13 14:43:45','192.168.31.150','2021-05-13 14:44:45');
INSERT INTO `drugstore` VALUES (null,3,'Farmacia Montaño', -65.8411153610034,-17.541867697678875,1,1,'2021-05-13 14:43:45','192.168.31.150','2021-05-13 14:44:45');
INSERT INTO `drugstore` VALUES (null,3,'Farmacia Salazar', -65.39897265997324,-16.913325349992316,1,1,'2021-05-13 14:43:45','192.168.31.150','2021-05-13 14:44:45');
COMMIT;

## inserts de usuario
INSERT INTO user (id_user, user_name, last_name, email, password, status, tx_id, tx_date, tx_host, tx_update) VALUES (2, 'Alvin Jamil', 'Poma Tarqui', 'pomaalvin@gmail.com', '$2a$10$e.cOxh8u2Psh27KcEbF/7.AkcaGIpDA/dBvUwLa5bLql2v5KsbG7W', 1, 1, '2021-05-16 21:31:09', '192.168.0.1', '2021-05-16 21:31:17');


