


use db_covid19;
-- INSERTS COUNTRY
START TRANSACTION;
INSERT INTO `country` (`id_country`, `name`, `lon`, `lat`, `status`, `tx_id`, `tx_date`, `tx_host`, `tx_update`) VALUES (1, 'Bolivia', -65.2696, -19.031, 1, 1, '2021-04-11 14:43:45', '192.168.31.150', '2021-04-11 14:43:45');
INSERT INTO `country` (`id_country`, `name`, `lon`, `lat`, `status`, `tx_id`, `tx_date`, `tx_host`, `tx_update`) VALUES (2, 'Paraguay', -57.5775, -25.2644, 1, 1, '2021-04-11 14:43:45', '192.168.128.6', '2021-04-11 14:43:45');
INSERT INTO `country` (`id_country`, `name`, `lon`, `lat`, `status`, `tx_id`, `tx_date`, `tx_host`, `tx_update`) VALUES (3, 'Argentina', -58.6341, -34.7316, 1, 1, '2021-04-11 14:43:45', '192.168.128.6', '2021-04-11 14:43:45');
INSERT INTO `country` (`id_country`, `name`, `lon`, `lat`, `status`, `tx_id`, `tx_date`, `tx_host`, `tx_update`) VALUES (4, 'Chile', -70.6605, -33.434, 1, 1, '2021-04-11 14:43:45', '192.168.128.6', '2021-04-11 14:43:45');
INSERT INTO `country` (`id_country`, `name`, `lon`, `lat`, `status`, `tx_id`, `tx_date`, `tx_host`, `tx_update`) VALUES (5, 'Peru', -76.9938, -12.0066, 1, 1, '2021-04-11 14:43:45', '192.168.128.6', '2021-04-11 14:43:45');
INSERT INTO `country` (`id_country`, `name`, `lon`, `lat`, `status`, `tx_id`, `tx_date`, `tx_host`, `tx_update`) VALUES (6, 'Brazil', -47.8851, -15.8036, 1, 1, '2021-04-11 14:43:45', '192.168.128.6', '2021-04-11 14:43:45');
INSERT INTO `country` (`id_country`, `name`, `lon`, `lat`, `status`, `tx_id`, `tx_date`, `tx_host`, `tx_update`) VALUES (7, 'Uruguay', -56.1826, -34.7589, 1, 1, '2021-04-11 14:43:45', '192.168.128.6', '2021-04-11 14:43:45');
INSERT INTO `country` (`id_country`, `name`, `lon`, `lat`, `status`, `tx_id`, `tx_date`, `tx_host`, `tx_update`) VALUES (8, 'Ecuador', -78.4571, -0.137592, 1, 1, '2021-04-11 14:43:45', '192.168.128.6', '2021-04-11 14:43:45');
INSERT INTO `country` (`id_country`, `name`, `lon`, `lat`, `status`, `tx_id`, `tx_date`, `tx_host`, `tx_update`) VALUES (9, 'Colombia', -74.0678, 4.709, 1, 1, '2021-04-11 14:43:45', '192.168.128.6', '2021-04-11 14:43:45');
INSERT INTO `country` (`id_country`, `name`, `lon`, `lat`, `status`, `tx_id`, `tx_date`, `tx_host`, `tx_update`) VALUES (10, 'Venezuela', -66.9995, 10.4263, 1, 1, '2021-04-11 14:43:45', '192.168.128.6', '2021-04-11 14:43:45');
COMMIT;

-- INSERTS CITY
START TRANSACTION;
INSERT INTO `city` (`id_city`, `city`, `lon`, `lat`, `status`, `tx_id`, `tx_date`, `tx_host`, `tx_update`) VALUES (1, 'La Paz', -68.0697, -16.0835, 1, 1, '2021-04-11 14:43:45', '192.168.31.150', '2021-04-11 14:43:45');
INSERT INTO `city` (`id_city`, `city`, `lon`, `lat`, `status`, `tx_id`, `tx_date`, `tx_host`, `tx_update`) VALUES (2, 'Santa Cruz', -61.0566, -17.7097, 1, 1, '2021-04-11 14:43:45', '192.168.31.150', '2021-04-11 14:43:45');
INSERT INTO `city` (`id_city`, `city`, `lon`, `lat`, `status`, `tx_id`, `tx_date`, `tx_host`, `tx_update`) VALUES (3, 'Cochabamba', -65.0579, -17.1983, 1, 1, '2021-04-11 14:43:45', '192.168.31.150', '2021-04-11 14:43:45');
INSERT INTO `city` (`id_city`, `city`, `lon`, `lat`, `status`, `tx_id`, `tx_date`, `tx_host`, `tx_update`) VALUES (4, 'Tarija', -64.1447, -21.6005, 1, 1, '2021-04-11 14:43:45', '192.168.31.150', '2021-04-11 14:43:45');
INSERT INTO `city` (`id_city`, `city`, `lon`, `lat`, `status`, `tx_id`, `tx_date`, `tx_host`, `tx_update`) VALUES (5, 'Chuquisaca', -64.3766, -19.7981, 1, 1, '2021-04-11 14:43:45', '192.168.31.150', '2021-04-11 14:43:45');
INSERT INTO `city` (`id_city`, `city`, `lon`, `lat`, `status`, `tx_id`, `tx_date`, `tx_host`, `tx_update`) VALUES (6, 'Oruro', -67.9526, -19.3581, 1, 1, '2021-04-11 14:43:45', '192.168.31.150', '2021-04-11 14:43:45');
INSERT INTO `city` (`id_city`, `city`, `lon`, `lat`, `status`, `tx_id`, `tx_date`, `tx_host`, `tx_update`) VALUES (7, 'Pando', -66.7855, -11.5978, 1, 1, '2021-04-11 14:43:45', '192.168.31.150', '2021-04-11 14:43:45');
INSERT INTO `city` (`id_city`, `city`, `lon`, `lat`, `status`, `tx_id`, `tx_date`, `tx_host`, `tx_update`) VALUES (8, 'Beni', -64.827, -14.0017, 1, 1, '2021-04-11 14:43:45', '192.168.31.150', '2021-04-11 14:43:45');
INSERT INTO `city` (`id_city`, `city`, `lon`, `lat`, `status`, `tx_id`, `tx_date`, `tx_host`, `tx_update`) VALUES (9, 'Potosi', -67.129, -21.2568, 1, 1, '2021-04-11 14:43:45', '192.168.31.150', '2021-04-11 14:43:45');
COMMIT;


-- INSERTS MUNICIPALITY
START TRANSACTION;
INSERT INTO municipality(id_municipality, id_city, municipality, lon, lat, status, tx_id, tx_date, tx_host, tx_update) VALUES (null, 8, 'TRINIDAD', -64.90364975, -14.83147518, 1, 1, '2021-04-11 14:43:45', '192.168.128.6', '2021-04-11 14:43:45');
INSERT INTO municipality(id_municipality, id_city, municipality, lon, lat, status, tx_id, tx_date, tx_host, tx_update) VALUES (null, 8, 'RIBERALTA', -66.05989032, -11.00796474, 1, 1, '2021-04-11 14:43:45', '192.168.128.6', '2021-04-11 14:43:45');
INSERT INTO municipality(id_municipality, id_city, municipality, lon, lat, status, tx_id, tx_date, tx_host, tx_update) VALUES (null, 8, 'GUAYARAMERÍN', -65.36840324, -10.82467262, 1, 1, '2021-04-11 14:43:45', '192.168.128.6', '2021-04-11 14:43:45');
INSERT INTO municipality(id_municipality, id_city, municipality, lon, lat, status, tx_id, tx_date, tx_host, tx_update) VALUES (null, 8, 'SANTA ANA DE YACUMA', -65.42062295, -13.74038405, 1, 1, '2021-04-11 14:43:45', '192.168.128.6', '2021-04-11 14:43:45');
INSERT INTO municipality(id_municipality, id_city, municipality, lon, lat, status, tx_id, tx_date, tx_host, tx_update) VALUES (null, 8, 'RURRENABAQUE', -67.535012, -14.43110263, 1, 1, '2021-04-11 14:43:45', '192.168.128.6', '2021-04-11 14:43:45');
INSERT INTO municipality(id_municipality, id_city, municipality, lon, lat, status, tx_id, tx_date, tx_host, tx_update) VALUES (null, 8, 'SAN BORJA', -66.7450719, -14.8589609, 1, 1, '2021-04-11 14:43:45', '192.168.128.6', '2021-04-11 14:43:45');
INSERT INTO municipality(id_municipality, id_city, municipality, lon, lat, status, tx_id, tx_date, tx_host, tx_update) VALUES (null, 8, 'SANTA ROSA', -66.79219737, -14.07430871, 1, 1, '2021-04-11 14:43:45', '192.168.128.6', '2021-04-11 14:43:45');
INSERT INTO municipality(id_municipality, id_city, municipality, lon, lat, status, tx_id, tx_date, tx_host, tx_update) VALUES (null, 8, 'SAN JOAQUÍN', -64.66342468, -13.04791478, 1, 1, '2021-04-11 14:43:45', '192.168.128.6', '2021-04-11 14:43:45');
INSERT INTO municipality(id_municipality, id_city, municipality, lon, lat, status, tx_id, tx_date, tx_host, tx_update) VALUES (null, 8, 'REYES', -67.3303555, -14.29030517, 1, 1, '2021-04-11 14:43:45', '192.168.128.6', '2021-04-11 14:43:45');
INSERT INTO municipality(id_municipality, id_city, municipality, lon, lat, status, tx_id, tx_date, tx_host, tx_update) VALUES (null, 8, 'SAN ANDRÉS', -64.70071606, -15.02503737, 1, 1, '2021-04-11 14:43:45', '192.168.128.6', '2021-04-11 14:43:45');
INSERT INTO municipality(id_municipality, id_city, municipality, lon, lat, status, tx_id, tx_date, tx_host, tx_update) VALUES (null, 8, 'MAGDALENA', -64.06594174, -13.26048167, 1, 1, '2021-04-11 14:43:45', '192.168.128.6', '2021-04-11 14:43:45');
INSERT INTO municipality(id_municipality, id_city, municipality, lon, lat, status, tx_id, tx_date, tx_host, tx_update) VALUES (null, 8, 'SAN IGNACIO', -65.63418943, -14.98321364, 1, 1, '2021-04-11 14:43:45', '192.168.128.6', '2021-04-11 14:43:45');
INSERT INTO municipality(id_municipality, id_city, municipality, lon, lat, status, tx_id, tx_date, tx_host, tx_update) VALUES (null, 8, 'BAURES', -63.68973264, -13.65159197, 1, 1, '2021-04-11 14:43:45', '192.168.128.6', '2021-04-11 14:43:45');
INSERT INTO municipality(id_municipality, id_city, municipality, lon, lat, status, tx_id, tx_date, tx_host, tx_update) VALUES (null, 8, 'SAN RAMÓN', -64.566278, -13.22918019, 1, 1, '2021-04-11 14:43:45', '192.168.128.6', '2021-04-11 14:43:45');
INSERT INTO municipality(id_municipality, id_city, municipality, lon, lat, status, tx_id, tx_date, tx_host, tx_update) VALUES (null, 8, 'EXALTACION', -65.23671486, -13.27878443, 1, 1, '2021-04-11 14:43:45', '192.168.128.6', '2021-04-11 14:43:45');
INSERT INTO municipality(id_municipality, id_city, municipality, lon, lat, status, tx_id, tx_date, tx_host, tx_update) VALUES (null, 8, 'LORETO', -64.76606278, -15.19449314, 1, 1, '2021-04-11 14:43:45', '192.168.128.6', '2021-04-11 14:43:45');
INSERT INTO municipality(id_municipality, id_city, municipality, lon, lat, status, tx_id, tx_date, tx_host, tx_update) VALUES (null, 8, 'HUACARAJE', -63.87881811, -13.59527805, 1, 1, '2021-04-11 14:43:45', '192.168.128.6', '2021-04-11 14:43:45');
INSERT INTO municipality(id_municipality, id_city, municipality, lon, lat, status, tx_id, tx_date, tx_host, tx_update) VALUES (null, 8, 'SAN JAVIER', -62.50349577, -16.27659734, 1, 1, '2021-04-11 14:43:45', '192.168.128.6', '2021-04-11 14:43:45');
INSERT INTO municipality(id_municipality, id_city, municipality, lon, lat, status, tx_id, tx_date, tx_host, tx_update) VALUES (null, 8, 'PUERTO SILES', -65.00400287, -12.80357935, 1, 1, '2021-04-11 14:43:45', '192.168.128.6', '2021-04-11 14:43:45');
INSERT INTO municipality(id_municipality, id_city, municipality, lon, lat, status, tx_id, tx_date, tx_host, tx_update) VALUES (null, 5, 'SUCRE', -65.25952786, -19.03650354, 1, 1, '2021-04-11 14:43:45', '192.168.128.6', '2021-04-11 14:43:45');
INSERT INTO municipality(id_municipality, id_city, municipality, lon, lat, status, tx_id, tx_date, tx_host, tx_update) VALUES (null, 5, 'MONTEAGUDO', -63.97732121, -19.82042077, 1, 1, '2021-04-11 14:43:45', '192.168.128.6', '2021-04-11 14:43:45');
INSERT INTO municipality(id_municipality, id_city, municipality, lon, lat, status, tx_id, tx_date, tx_host, tx_update) VALUES (null, 5, 'CAMARGO', -65.20712051, -20.64045123, 1, 1, '2021-04-11 14:43:45', '192.168.128.6', '2021-04-11 14:43:45');
INSERT INTO municipality(id_municipality, id_city, municipality, lon, lat, status, tx_id, tx_date, tx_host, tx_update) VALUES (null, 5, 'VILLA VACA GUZMÁN (MUYUPAMPA', -63.75318798, -19.89581216, 1, 1, '2021-04-11 14:43:45', '192.168.128.6', '2021-04-11 14:43:45');
INSERT INTO municipality(id_municipality, id_city, municipality, lon, lat, status, tx_id, tx_date, tx_host, tx_update) VALUES (null, 5, 'PADILLA', -64.30275038, -19.30879506, 1, 1, '2021-04-11 14:43:45', '192.168.128.6', '2021-04-11 14:43:45');
INSERT INTO municipality(id_municipality, id_city, municipality, lon, lat, status, tx_id, tx_date, tx_host, tx_update) VALUES (null, 5, 'CULPINA', -64.94397763, -20.82333963, 1, 1, '2021-04-11 14:43:45', '192.168.128.6', '2021-04-11 14:43:45');
INSERT INTO municipality(id_municipality, id_city, municipality, lon, lat, status, tx_id, tx_date, tx_host, tx_update) VALUES (null, 5, 'VILLA SERRANO', -64.32190329, -19.12271214, 1, 1, '2021-04-11 14:43:45', '192.168.128.6', '2021-04-11 14:43:45');
INSERT INTO municipality(id_municipality, id_city, municipality, lon, lat, status, tx_id, tx_date, tx_host, tx_update) VALUES (null, 5, 'SAN PABLO DE HUACARETA', -64.00066716, -20.35437625, 1, 1, '2021-04-11 14:43:45', '192.168.128.6', '2021-04-11 14:43:45');
INSERT INTO municipality(id_municipality, id_city, municipality, lon, lat, status, tx_id, tx_date, tx_host, tx_update) VALUES (null, 5, 'MACHARETI', -63.36106127, -20.81628558, 1, 1, '2021-04-11 14:43:45', '192.168.128.6', '2021-04-11 14:43:45');
INSERT INTO municipality(id_municipality, id_city, municipality, lon, lat, status, tx_id, tx_date, tx_host, tx_update) VALUES (null, 5, 'YOTALA', -65.26658046, -19.16164401, 1, 1, '2021-04-11 14:43:45', '192.168.128.6', '2021-04-11 14:43:45');
INSERT INTO municipality(id_municipality, id_city, municipality, lon, lat, status, tx_id, tx_date, tx_host, tx_update) VALUES (null, 5, 'SAN LUCAS', -65.12127263, -20.08762598, 1, 1, '2021-04-11 14:43:45', '192.168.128.6', '2021-04-11 14:43:45');
INSERT INTO municipality(id_municipality, id_city, municipality, lon, lat, status, tx_id, tx_date, tx_host, tx_update) VALUES (null, 5, 'EL VILLAR', -64.31207193, -19.62982366, 1, 1, '2021-04-11 14:43:45', '192.168.128.6', '2021-04-11 14:43:45');
INSERT INTO municipality(id_municipality, id_city, municipality, lon, lat, status, tx_id, tx_date, tx_host, tx_update) VALUES (null, 5, 'VILLA ALCALA', -64.36279234, -19.43714657, 1, 1, '2021-04-11 14:43:45', '192.168.128.6', '2021-04-11 14:43:45');
INSERT INTO municipality(id_municipality, id_city, municipality, lon, lat, status, tx_id, tx_date, tx_host, tx_update) VALUES (null, 5, 'INCAHUASI', -64.87136707, -20.77809158, 1, 1, '2021-04-11 14:43:45', '192.168.128.6', '2021-04-11 14:43:45');
INSERT INTO municipality(id_municipality, id_city, municipality, lon, lat, status, tx_id, tx_date, tx_host, tx_update) VALUES (null, 5, 'YAMPARÁEZ', -65.12656934, -19.19051118, 1, 1, '2021-04-11 14:43:45', '192.168.128.6', '2021-04-11 14:43:45');
INSERT INTO municipality(id_municipality, id_city, municipality, lon, lat, status, tx_id, tx_date, tx_host, tx_update) VALUES (null, 5, 'VILLA AZURDUY', -64.41222711, -20.10607178, 1, 1, '2021-04-11 14:43:45', '192.168.128.6', '2021-04-11 14:43:45');
INSERT INTO municipality(id_municipality, id_city, municipality, lon, lat, status, tx_id, tx_date, tx_host, tx_update) VALUES (null, 5, 'ICLA (R.MUJIA)', -64.79088832, -19.36132334, 1, 1, '2021-04-11 14:43:45', '192.168.128.6', '2021-04-11 14:43:45');
INSERT INTO municipality(id_municipality, id_city, municipality, lon, lat, status, tx_id, tx_date, tx_host, tx_update) VALUES (null, 5, 'PRESTO', -64.93775019, -18.93286744, 1, 1, '2021-04-11 14:43:45', '192.168.128.6', '2021-04-11 14:43:45');
INSERT INTO municipality(id_municipality, id_city, municipality, lon, lat, status, tx_id, tx_date, tx_host, tx_update) VALUES (null, 5, 'VILLA CHARCAS', -64.88166878, -20.7227375, 1, 1, '2021-04-11 14:43:45', '192.168.128.6', '2021-04-11 14:43:45');
INSERT INTO municipality(id_municipality, id_city, municipality, lon, lat, status, tx_id, tx_date, tx_host, tx_update) VALUES (null, 5, 'VILLA ABECIA', -65.2341556, -20.97257978, 1, 1, '2021-04-11 14:43:45', '192.168.128.6', '2021-04-11 14:43:45');
INSERT INTO municipality(id_municipality, id_city, municipality, lon, lat, status, tx_id, tx_date, tx_host, tx_update) VALUES (null, 5, 'HUACAYA', -63.61558082, -20.67420273, 1, 1, '2021-04-11 14:43:45', '192.168.128.6', '2021-04-11 14:43:45');
INSERT INTO municipality(id_municipality, id_city, municipality, lon, lat, status, tx_id, tx_date, tx_host, tx_update) VALUES (null, 5, 'TARABUCO', -64.91535902, -19.1828268, 1, 1, '2021-04-11 14:43:45', '192.168.128.6', '2021-04-11 14:43:45');
INSERT INTO municipality(id_municipality, id_city, municipality, lon, lat, status, tx_id, tx_date, tx_host, tx_update) VALUES (null, 5, 'ZUDAÑEZ', -64.69853371, -19.11558846, 1, 1, '2021-04-11 14:43:45', '192.168.128.6', '2021-04-11 14:43:45');
INSERT INTO municipality(id_municipality, id_city, municipality, lon, lat, status, tx_id, tx_date, tx_host, tx_update) VALUES (null, 5, 'SOPACHUY', -64.47577393, -19.48667118, 1, 1, '2021-04-11 14:43:45', '192.168.128.6', '2021-04-11 14:43:45');
INSERT INTO municipality(id_municipality, id_city, municipality, lon, lat, status, tx_id, tx_date, tx_host, tx_update) VALUES (null, 5, 'TARVITA (VILLA ARIAS)', -64.5746783, -19.78067465, 1, 1, '2021-04-11 14:43:45', '192.168.128.6', '2021-04-11 14:43:45');
INSERT INTO municipality(id_municipality, id_city, municipality, lon, lat, status, tx_id, tx_date, tx_host, tx_update) VALUES (null, 5, 'TOMINA', -64.46145207, -19.18602359, 1, 1, '2021-04-11 14:43:45', '192.168.128.6', '2021-04-11 14:43:45');
INSERT INTO municipality(id_municipality, id_city, municipality, lon, lat, status, tx_id, tx_date, tx_host, tx_update) VALUES (null, 5, 'VILLA MOJOCOYA', -64.62049007, -18.75984679, 1, 1, '2021-04-11 14:43:45', '192.168.128.6', '2021-04-11 14:43:45');
INSERT INTO municipality(id_municipality, id_city, municipality, lon, lat, status, tx_id, tx_date, tx_host, tx_update) VALUES (null, 5, 'LAS CARRERAS', -65.24665578, -21.20394209, 1, 1, '2021-04-11 14:43:45', '192.168.128.6', '2021-04-11 14:43:45');
INSERT INTO municipality(id_municipality, id_city, municipality, lon, lat, status, tx_id, tx_date, tx_host, tx_update) VALUES (null, 5, 'POROMA', -65.50000013, -18.4834946, 1, 1, '2021-04-11 14:43:45', '192.168.128.6', '2021-04-11 14:43:45');
INSERT INTO municipality(id_municipality, id_city, municipality, lon, lat, status, tx_id, tx_date, tx_host, tx_update) VALUES (null, 3, 'COCHABAMBA', -66.16328902, -17.40802885, 1, 1, '2021-04-11 14:43:45', '192.168.128.6', '2021-04-11 14:43:45');
INSERT INTO municipality(id_municipality, id_city, municipality, lon, lat, status, tx_id, tx_date, tx_host, tx_update) VALUES (null, 3, 'QUILLACOLLO', -66.28150328, -17.39045203, 1, 1, '2021-04-11 14:43:45', '192.168.128.6', '2021-04-11 14:43:45');
INSERT INTO municipality(id_municipality, id_city, municipality, lon, lat, status, tx_id, tx_date, tx_host, tx_update) VALUES (null, 3, 'SACABA', -66.03955193, -17.39809666, 1, 1, '2021-04-11 14:43:45', '192.168.128.6', '2021-04-11 14:43:45');
INSERT INTO municipality(id_municipality, id_city, municipality, lon, lat, status, tx_id, tx_date, tx_host, tx_update) VALUES (null, 3, 'TIQUIPAYA', -66.20988726, -17.15330704, 1, 1, '2021-04-11 14:43:45', '192.168.128.6', '2021-04-11 14:43:45');
INSERT INTO municipality(id_municipality, id_city, municipality, lon, lat, status, tx_id, tx_date, tx_host, tx_update) VALUES (null, 3, 'COLCAPIRHUA', -66.23130844, -17.39395319, 1, 1, '2021-04-11 14:43:45', '192.168.128.6', '2021-04-11 14:43:45');
INSERT INTO municipality(id_municipality, id_city, municipality, lon, lat, status, tx_id, tx_date, tx_host, tx_update) VALUES (null, 3, 'PUERTO VILLARROEL', -64.7963315, -16.83965647, 1, 1, '2021-04-11 14:43:45', '192.168.128.6', '2021-04-11 14:43:45');
INSERT INTO municipality(id_municipality, id_city, municipality, lon, lat, status, tx_id, tx_date, tx_host, tx_update) VALUES (null, 3, 'ENTRE RIOS (BULO BULO)', -64.36323876, -17.25593321, 1, 1, '2021-04-11 14:43:45', '192.168.128.6', '2021-04-11 14:43:45');
INSERT INTO municipality(id_municipality, id_city, municipality, lon, lat, status, tx_id, tx_date, tx_host, tx_update) VALUES (null, 3, 'VINTO', -66.31706705, -17.39150924, 1, 1, '2021-04-11 14:43:45', '192.168.128.6', '2021-04-11 14:43:45');
INSERT INTO municipality(id_municipality, id_city, municipality, lon, lat, status, tx_id, tx_date, tx_host, tx_update) VALUES (null, 3, 'PUNATA', -65.84036091, -17.54714075, 1, 1, '2021-04-11 14:43:45', '192.168.128.6', '2021-04-11 14:43:45');
INSERT INTO municipality(id_municipality, id_city, municipality, lon, lat, status, tx_id, tx_date, tx_host, tx_update) VALUES (null, 3, 'SIPE SIPE', -66.34554311, -17.4474274, 1, 1, '2021-04-11 14:43:45', '192.168.128.6', '2021-04-11 14:43:45');
INSERT INTO municipality(id_municipality, id_city, municipality, lon, lat, status, tx_id, tx_date, tx_host, tx_update) VALUES (null, 3, 'SHINAHOTA', -65.34047713, -17.05707164, 1, 1, '2021-04-11 14:43:45', '192.168.128.6', '2021-04-11 14:43:45');
INSERT INTO municipality(id_municipality, id_city, municipality, lon, lat, status, tx_id, tx_date, tx_host, tx_update) VALUES (null, 3, 'VILLA TUNARI', -65.42081464, -16.97462836, 1, 1, '2021-04-11 14:43:45', '192.168.128.6', '2021-04-11 14:43:45');
INSERT INTO municipality(id_municipality, id_city, municipality, lon, lat, status, tx_id, tx_date, tx_host, tx_update) VALUES (null, 3, 'SAN BENITO', -65.89466589, -17.5150686, 1, 1, '2021-04-11 14:43:45', '192.168.128.6', '2021-04-11 14:43:45');
INSERT INTO municipality(id_municipality, id_city, municipality, lon, lat, status, tx_id, tx_date, tx_host, tx_update) VALUES (null, 3, 'CHIMORE', -65.15572909, -16.99651873, 1, 1, '2021-04-11 14:43:45', '192.168.128.6', '2021-04-11 14:43:45');
INSERT INTO municipality(id_municipality, id_city, municipality, lon, lat, status, tx_id, tx_date, tx_host, tx_update) VALUES (null, 3, 'AIQUILE', -65.18201615, -18.20600257, 1, 1, '2021-04-11 14:43:45', '192.168.128.6', '2021-04-11 14:43:45');
INSERT INTO municipality(id_municipality, id_city, municipality, lon, lat, status, tx_id, tx_date, tx_host, tx_update) VALUES (null, 3, 'MIZQUE', -65.37739198, -17.94868826, 1, 1, '2021-04-11 14:43:45', '192.168.128.6', '2021-04-11 14:43:45');
INSERT INTO municipality(id_municipality, id_city, municipality, lon, lat, status, tx_id, tx_date, tx_host, tx_update) VALUES (null, 3, 'CLIZA', -65.94016009, -17.59291239, 1, 1, '2021-04-11 14:43:45', '192.168.128.6', '2021-04-11 14:43:45');
INSERT INTO municipality(id_municipality, id_city, municipality, lon, lat, status, tx_id, tx_date, tx_host, tx_update) VALUES (null, 3, 'CAPINOTA', -66.26406029, -17.71006412, 1, 1, '2021-04-11 14:43:45', '192.168.128.6', '2021-04-11 14:43:45');
INSERT INTO municipality(id_municipality, id_city, municipality, lon, lat, status, tx_id, tx_date, tx_host, tx_update) VALUES (null, 3, 'ARANI', -65.77141002, -17.57111898, 1, 1, '2021-04-11 14:43:45', '192.168.128.6', '2021-04-11 14:43:45');
INSERT INTO municipality(id_municipality, id_city, municipality, lon, lat, status, tx_id, tx_date, tx_host, tx_update) VALUES (null, 3, 'TOLATA', -65.9665919, -17.53004715, 1, 1, '2021-04-11 14:43:45', '192.168.128.6', '2021-04-11 14:43:45');
INSERT INTO municipality(id_municipality, id_city, municipality, lon, lat, status, tx_id, tx_date, tx_host, tx_update) VALUES (null, 3, 'TARATA', -66.0256679, -17.609206, 1, 1, '2021-04-11 14:43:45', '192.168.128.6', '2021-04-11 14:43:45');
INSERT INTO municipality(id_municipality, id_city, municipality, lon, lat, status, tx_id, tx_date, tx_host, tx_update) VALUES (null, 3, 'TOTORA', -65.1922673, -17.73586933, 1, 1, '2021-04-11 14:43:45', '192.168.128.6', '2021-04-11 14:43:45');
INSERT INTO municipality(id_municipality, id_city, municipality, lon, lat, status, tx_id, tx_date, tx_host, tx_update) VALUES (null, 3, 'SANTIVAÑEZ', -66.248722, -17.54944498, 1, 1, '2021-04-11 14:43:45', '192.168.128.6', '2021-04-11 14:43:45');
INSERT INTO municipality(id_municipality, id_city, municipality, lon, lat, status, tx_id, tx_date, tx_host, tx_update) VALUES (null, 3, 'ARBIETO', -66.01932759, -17.58046115, 1, 1, '2021-04-11 14:43:45', '192.168.128.6', '2021-04-11 14:43:45');
INSERT INTO municipality(id_municipality, id_city, municipality, lon, lat, status, tx_id, tx_date, tx_host, tx_update) VALUES (null, 3, 'COLOMI', -65.86570321, -17.33990271, 1, 1, '2021-04-11 14:43:45', '192.168.128.6', '2021-04-11 14:43:45');
INSERT INTO municipality(id_municipality, id_city, municipality, lon, lat, status, tx_id, tx_date, tx_host, tx_update) VALUES (null, 3, 'INDEPENDENCIA', -66.81702376, -17.08049698, 1, 1, '2021-04-11 14:43:45', '192.168.128.6', '2021-04-11 14:43:45');
INSERT INTO municipality(id_municipality, id_city, municipality, lon, lat, status, tx_id, tx_date, tx_host, tx_update) VALUES (null, 3, 'TOKO', -65.92421585, -17.62960723, 1, 1, '2021-04-11 14:43:45', '192.168.128.6', '2021-04-11 14:43:45');
INSERT INTO municipality(id_municipality, id_city, municipality, lon, lat, status, tx_id, tx_date, tx_host, tx_update) VALUES (null, 3, 'POCONA', -65.36633199, -17.65032158, 1, 1, '2021-04-11 14:43:45', '192.168.128.6', '2021-04-11 14:43:45');
INSERT INTO municipality(id_municipality, id_city, municipality, lon, lat, status, tx_id, tx_date, tx_host, tx_update) VALUES (null, 3, 'ANZALDO', -65.9321953, -17.7781429, 1, 1, '2021-04-11 14:43:45', '192.168.128.6', '2021-04-11 14:43:45');
INSERT INTO municipality(id_municipality, id_city, municipality, lon, lat, status, tx_id, tx_date, tx_host, tx_update) VALUES (null, 3, 'VILLA RIVERO', -65.81207577, -17.61461026, 1, 1, '2021-04-11 14:43:45', '192.168.128.6', '2021-04-11 14:43:45');
INSERT INTO municipality(id_municipality, id_city, municipality, lon, lat, status, tx_id, tx_date, tx_host, tx_update) VALUES (null, 3, 'TAPACARÍ', -66.62227999, -17.51743354, 1, 1, '2021-04-11 14:43:45', '192.168.128.6', '2021-04-11 14:43:45');
INSERT INTO municipality(id_municipality, id_city, municipality, lon, lat, status, tx_id, tx_date, tx_host, tx_update) VALUES (null, 3, 'PASORAPA', -64.67932194, -18.32748002, 1, 1, '2021-04-11 14:43:45', '192.168.128.6', '2021-04-11 14:43:45');
INSERT INTO municipality(id_municipality, id_city, municipality, lon, lat, status, tx_id, tx_date, tx_host, tx_update) VALUES (null, 3, 'TIRAQUE', -65.72857489, -17.40047768, 1, 1, '2021-04-11 14:43:45', '192.168.128.6', '2021-04-11 14:43:45');
INSERT INTO municipality(id_municipality, id_city, municipality, lon, lat, status, tx_id, tx_date, tx_host, tx_update) VALUES (null, 3, 'OMEREQUE', -64.90928615, -18.11006776, 1, 1, '2021-04-11 14:43:45', '192.168.128.6', '2021-04-11 14:43:45');
INSERT INTO municipality(id_municipality, id_city, municipality, lon, lat, status, tx_id, tx_date, tx_host, tx_update) VALUES (null, 3, 'VACAS', -65.57998898, -17.57916843, 1, 1, '2021-04-11 14:43:45', '192.168.128.6', '2021-04-11 14:43:45');
INSERT INTO municipality(id_municipality, id_city, municipality, lon, lat, status, tx_id, tx_date, tx_host, tx_update) VALUES (null, 3, 'POJO', -64.8568426, -17.75721328, 1, 1, '2021-04-11 14:43:45', '192.168.128.6', '2021-04-11 14:43:45');
INSERT INTO municipality(id_municipality, id_city, municipality, lon, lat, status, tx_id, tx_date, tx_host, tx_update) VALUES (null, 3, 'SICAYA', -66.33257345, -17.80645167, 1, 1, '2021-04-11 14:43:45', '192.168.128.6', '2021-04-11 14:43:45');
INSERT INTO municipality(id_municipality, id_city, municipality, lon, lat, status, tx_id, tx_date, tx_host, tx_update) VALUES (null, 3, 'TACOPAYA', -66.55347937, -17.84065209, 1, 1, '2021-04-11 14:43:45', '192.168.128.6', '2021-04-11 14:43:45');
INSERT INTO municipality(id_municipality, id_city, municipality, lon, lat, status, tx_id, tx_date, tx_host, tx_update) VALUES (null, 3, 'BOLIVAR', -66.53668734, -17.96893957, 1, 1, '2021-04-11 14:43:45', '192.168.128.6', '2021-04-11 14:43:45');
INSERT INTO municipality(id_municipality, id_city, municipality, lon, lat, status, tx_id, tx_date, tx_host, tx_update) VALUES (null, 3, 'VILA VILA', -65.63283545, -17.98017655, 1, 1, '2021-04-11 14:43:45', '192.168.128.6', '2021-04-11 14:43:45');
INSERT INTO municipality(id_municipality, id_city, municipality, lon, lat, status, tx_id, tx_date, tx_host, tx_update) VALUES (null, 3, 'CUCHUMUELA (V. G.VILLARROEL)', -65.79423822, -17.65328463, 1, 1, '2021-04-11 14:43:45', '192.168.128.6', '2021-04-11 14:43:45');
INSERT INTO municipality(id_municipality, id_city, municipality, lon, lat, status, tx_id, tx_date, tx_host, tx_update) VALUES (null, 3, 'ARQUE', -66.40671942, -17.82788957, 1, 1, '2021-04-11 14:43:45', '192.168.128.6', '2021-04-11 14:43:45');
INSERT INTO municipality(id_municipality, id_city, municipality, lon, lat, status, tx_id, tx_date, tx_host, tx_update) VALUES (null, 3, 'COCAPATA', -66.49623461, -16.77236072, 1, 1, '2021-04-11 14:43:45', '192.168.128.6', '2021-04-11 14:43:45');
INSERT INTO municipality(id_municipality, id_city, municipality, lon, lat, status, tx_id, tx_date, tx_host, tx_update) VALUES (null, 3, 'MOROCHATA', -66.55393243, -17.24080647, 1, 1, '2021-04-11 14:43:45', '192.168.128.6', '2021-04-11 14:43:45');
INSERT INTO municipality(id_municipality, id_city, municipality, lon, lat, status, tx_id, tx_date, tx_host, tx_update) VALUES (null, 3, 'SACABAMBA', -65.77705846, -17.8156465, 1, 1, '2021-04-11 14:43:45', '192.168.128.6', '2021-04-11 14:43:45');
INSERT INTO municipality(id_municipality, id_city, municipality, lon, lat, status, tx_id, tx_date, tx_host, tx_update) VALUES (null, 3, 'TACACHI', -65.80564856, -17.64165995, 1, 1, '2021-04-11 14:43:45', '192.168.128.6', '2021-04-11 14:43:45');
INSERT INTO municipality(id_municipality, id_city, municipality, lon, lat, status, tx_id, tx_date, tx_host, tx_update) VALUES (null, 1, 'NUESTRA SEÑORA DE LA PAZ', -68.11950595, -16.49012775, 1, 1, '2021-04-11 14:43:45', '192.168.128.6', '2021-04-11 14:43:45');
INSERT INTO municipality(id_municipality, id_city, municipality, lon, lat, status, tx_id, tx_date, tx_host, tx_update) VALUES (null, 1, 'EL ALTO', -68.20836699, -16.48958155, 1, 1, '2021-04-11 14:43:45', '192.168.128.6', '2021-04-11 14:43:45');
INSERT INTO municipality(id_municipality, id_city, municipality, lon, lat, status, tx_id, tx_date, tx_host, tx_update) VALUES (null, 1, 'VIACHA', -68.29267943, -16.64769965, 1, 1, '2021-04-11 14:43:45', '192.168.128.6', '2021-04-11 14:43:45');
INSERT INTO municipality(id_municipality, id_city, municipality, lon, lat, status, tx_id, tx_date, tx_host, tx_update) VALUES (null, 1, 'CARANAVI', -67.55854125, -15.83510083, 1, 1, '2021-04-11 14:43:45', '192.168.128.6', '2021-04-11 14:43:45');
INSERT INTO municipality(id_municipality, id_city, municipality, lon, lat, status, tx_id, tx_date, tx_host, tx_update) VALUES (null, 1, 'ACHOCALLA', -68.16864289, -16.57157408, 1, 1, '2021-04-11 14:43:45', '192.168.128.6', '2021-04-11 14:43:45');
INSERT INTO municipality(id_municipality, id_city, municipality, lon, lat, status, tx_id, tx_date, tx_host, tx_update) VALUES (null, 1, 'CHULUMANI', -67.52784163, -16.40894354, 1, 1, '2021-04-11 14:43:45', '192.168.128.6', '2021-04-11 14:43:45');
INSERT INTO municipality(id_municipality, id_city, municipality, lon, lat, status, tx_id, tx_date, tx_host, tx_update) VALUES (null, 1, 'COLQUIRI', -67.12706586, -17.38483759, 1, 1, '2021-04-11 14:43:45', '192.168.128.6', '2021-04-11 14:43:45');
INSERT INTO municipality(id_municipality, id_city, municipality, lon, lat, status, tx_id, tx_date, tx_host, tx_update) VALUES (null, 1, 'BATALLAS', -68.53040249, -16.29525827, 1, 1, '2021-04-11 14:43:45', '192.168.128.6', '2021-04-11 14:43:45');
INSERT INTO municipality(id_municipality, id_city, municipality, lon, lat, status, tx_id, tx_date, tx_host, tx_update) VALUES (null, 1, 'YANACACHI', -67.7384691, -16.39821327, 1, 1, '2021-04-11 14:43:45', '192.168.128.6', '2021-04-11 14:43:45');
INSERT INTO municipality(id_municipality, id_city, municipality, lon, lat, status, tx_id, tx_date, tx_host, tx_update) VALUES (null, 1, 'PATACAMAYA', -67.91027119, -17.24090388, 1, 1, '2021-04-11 14:43:45', '192.168.128.6', '2021-04-11 14:43:45');
INSERT INTO municipality(id_municipality, id_city, municipality, lon, lat, status, tx_id, tx_date, tx_host, tx_update) VALUES (null, 1, 'LAJA', -68.38473737, -16.53240276, 1, 1, '2021-04-11 14:43:45', '192.168.128.6', '2021-04-11 14:43:45');
INSERT INTO municipality(id_municipality, id_city, municipality, lon, lat, status, tx_id, tx_date, tx_host, tx_update) VALUES (null, 1, 'MECAPACA', -68.0170101, -16.6668737, 1, 1, '2021-04-11 14:43:45', '192.168.128.6', '2021-04-11 14:43:45');
INSERT INTO municipality(id_municipality, id_city, municipality, lon, lat, status, tx_id, tx_date, tx_host, tx_update) VALUES (null, 1, 'IRUPANA', -67.46172241, -16.47196215, 1, 1, '2021-04-11 14:43:45', '192.168.128.6', '2021-04-11 14:43:45');
INSERT INTO municipality(id_municipality, id_city, municipality, lon, lat, status, tx_id, tx_date, tx_host, tx_update) VALUES (null, 1, 'GUANAY', -67.88198957, -15.49766581, 1, 1, '2021-04-11 14:43:45', '192.168.128.6', '2021-04-11 14:43:45');
INSERT INTO municipality(id_municipality, id_city, municipality, lon, lat, status, tx_id, tx_date, tx_host, tx_update) VALUES (null, 1, 'COPACABANA', -69.08671166, -16.16637461, 1, 1, '2021-04-11 14:43:45', '192.168.128.6', '2021-04-11 14:43:45');
INSERT INTO municipality(id_municipality, id_city, municipality, lon, lat, status, tx_id, tx_date, tx_host, tx_update) VALUES (null, 1, 'ACHACACHI', -68.70040989, -16.03178208, 1, 1, '2021-04-11 14:43:45', '192.168.128.6', '2021-04-11 14:43:45');
INSERT INTO municipality(id_municipality, id_city, municipality, lon, lat, status, tx_id, tx_date, tx_host, tx_update) VALUES (null, 1, 'COROICO', -67.72882458, -16.19415128, 1, 1, '2021-04-11 14:43:45', '192.168.128.6', '2021-04-11 14:43:45');
INSERT INTO municipality(id_municipality, id_city, municipality, lon, lat, status, tx_id, tx_date, tx_host, tx_update) VALUES (null, 1, 'CORIPATA', -67.60441298, -16.31327136, 1, 1, '2021-04-11 14:43:45', '192.168.128.6', '2021-04-11 14:43:45');
INSERT INTO municipality(id_municipality, id_city, municipality, lon, lat, status, tx_id, tx_date, tx_host, tx_update) VALUES (null, 1, 'TIAHUANACU', -68.67845545, -16.55439864, 1, 1, '2021-04-11 14:43:45', '192.168.128.6', '2021-04-11 14:43:45');
INSERT INTO municipality(id_municipality, id_city, municipality, lon, lat, status, tx_id, tx_date, tx_host, tx_update) VALUES (null, 1, 'PUCARANI', -68.47767613, -16.40492729, 1, 1, '2021-04-11 14:43:45', '192.168.128.6', '2021-04-11 14:43:45');
INSERT INTO municipality(id_municipality, id_city, municipality, lon, lat, status, tx_id, tx_date, tx_host, tx_update) VALUES (null, 1, 'PALOS BLANCOS', -67.25212112, -15.58389283, 1, 1, '2021-04-11 14:43:45', '192.168.128.6', '2021-04-11 14:43:45');
INSERT INTO municipality(id_municipality, id_city, municipality, lon, lat, status, tx_id, tx_date, tx_host, tx_update) VALUES (null, 1, 'CHARAÑA', -69.36163508, -17.60736359, 1, 1, '2021-04-11 14:43:45', '192.168.128.6', '2021-04-11 14:43:45');
INSERT INTO municipality(id_municipality, id_city, municipality, lon, lat, status, tx_id, tx_date, tx_host, tx_update) VALUES (null, 1, 'SAN BUENAVENTURA', -67.62270932, -14.44076029, 1, 1, '2021-04-11 14:43:45', '192.168.128.6', '2021-04-11 14:43:45');
INSERT INTO municipality(id_municipality, id_city, municipality, lon, lat, status, tx_id, tx_date, tx_host, tx_update) VALUES (null, 1, 'CORO CORO', -68.4536573, -17.17251295, 1, 1, '2021-04-11 14:43:45', '192.168.128.6', '2021-04-11 14:43:45');
INSERT INTO municipality(id_municipality, id_city, municipality, lon, lat, status, tx_id, tx_date, tx_host, tx_update) VALUES (null, 1, 'APOLO', -68.41199406, -14.71947639, 1, 1, '2021-04-11 14:43:45', '192.168.128.6', '2021-04-11 14:43:45');
INSERT INTO municipality(id_municipality, id_city, municipality, lon, lat, status, tx_id, tx_date, tx_host, tx_update) VALUES (null, 1, 'SAN PEDRO DE TIQUINA', -68.8553761, -16.22188658, 1, 1, '2021-04-11 14:43:45', '192.168.128.6', '2021-04-11 14:43:45');
INSERT INTO municipality(id_municipality, id_city, municipality, lon, lat, status, tx_id, tx_date, tx_host, tx_update) VALUES (null, 1, 'DESAGUADERO', -69.02165499, -16.56631223, 1, 1, '2021-04-11 14:43:45', '192.168.128.6', '2021-04-11 14:43:45');
INSERT INTO municipality(id_municipality, id_city, municipality, lon, lat, status, tx_id, tx_date, tx_host, tx_update) VALUES (null, 1, 'QUIME', -67.22775015, -16.97614949, 1, 1, '2021-04-11 14:43:45', '192.168.128.6', '2021-04-11 14:43:45');
INSERT INTO municipality(id_municipality, id_city, municipality, lon, lat, status, tx_id, tx_date, tx_host, tx_update) VALUES (null, 1, 'INQUISIVI', -67.12203625, -16.89344222, 1, 1, '2021-04-11 14:43:45', '192.168.128.6', '2021-04-11 14:43:45');
INSERT INTO municipality(id_municipality, id_city, municipality, lon, lat, status, tx_id, tx_date, tx_host, tx_update) VALUES (null, 1, 'SORATA', -68.63951835, -15.7637934, 1, 1, '2021-04-11 14:43:45', '192.168.128.6', '2021-04-11 14:43:45');
INSERT INTO municipality(id_municipality, id_city, municipality, lon, lat, status, tx_id, tx_date, tx_host, tx_update) VALUES (null, 1, 'LA ASUNTA', -67.20542108, -16.12474302, 1, 1, '2021-04-11 14:43:45', '192.168.128.6', '2021-04-11 14:43:45');
INSERT INTO municipality(id_municipality, id_city, municipality, lon, lat, status, tx_id, tx_date, tx_host, tx_update) VALUES (null, 1, 'CAIROMA', -67.58923289, -16.86501542, 1, 1, '2021-04-11 14:43:45', '192.168.128.6', '2021-04-11 14:43:45');
INSERT INTO municipality(id_municipality, id_city, municipality, lon, lat, status, tx_id, tx_date, tx_host, tx_update) VALUES (null, 1, 'JESÚS DE MACHACA', -68.80854588, -16.74785333, 1, 1, '2021-04-11 14:43:45', '192.168.128.6', '2021-04-11 14:43:45');
INSERT INTO municipality(id_municipality, id_city, municipality, lon, lat, status, tx_id, tx_date, tx_host, tx_update) VALUES (null, 1, 'COMANCHE', -68.44516829, -16.95305494, 1, 1, '2021-04-11 14:43:45', '192.168.128.6', '2021-04-11 14:43:45');
INSERT INTO municipality(id_municipality, id_city, municipality, lon, lat, status, tx_id, tx_date, tx_host, tx_update) VALUES (null, 1, 'UMALA', -68.02192279, -17.37594458, 1, 1, '2021-04-11 14:43:45', '192.168.128.6', '2021-04-11 14:43:45');
INSERT INTO municipality(id_municipality, id_city, municipality, lon, lat, status, tx_id, tx_date, tx_host, tx_update) VALUES (null, 1, 'GUAQUI', -68.8336459, -16.59870839, 1, 1, '2021-04-11 14:43:45', '192.168.128.6', '2021-04-11 14:43:45');
INSERT INTO municipality(id_municipality, id_city, municipality, lon, lat, status, tx_id, tx_date, tx_host, tx_update) VALUES (null, 1, 'SICA SICA', -67.74367384, -17.33256928, 1, 1, '2021-04-11 14:43:45', '192.168.128.6', '2021-04-11 14:43:45');
INSERT INTO municipality(id_municipality, id_city, municipality, lon, lat, status, tx_id, tx_date, tx_host, tx_update) VALUES (null, 1, 'COLQUENCHA', -68.2725212, -16.96484302, 1, 1, '2021-04-11 14:43:45', '192.168.128.6', '2021-04-11 14:43:45');
INSERT INTO municipality(id_municipality, id_city, municipality, lon, lat, status, tx_id, tx_date, tx_host, tx_update) VALUES (null, 1, 'CALACOTO', -68.64216675, -17.28543868, 1, 1, '2021-04-11 14:43:45', '192.168.128.6', '2021-04-11 14:43:45');
INSERT INTO municipality(id_municipality, id_city, municipality, lon, lat, status, tx_id, tx_date, tx_host, tx_update) VALUES (null, 1, 'PALCA', -67.94668769, -16.56766043, 1, 1, '2021-04-11 14:43:45', '192.168.128.6', '2021-04-11 14:43:45');
INSERT INTO municipality(id_municipality, id_city, municipality, lon, lat, status, tx_id, tx_date, tx_host, tx_update) VALUES (null, 1, 'TEOPONTE', -67.77781565, -15.50103959, 1, 1, '2021-04-11 14:43:45', '192.168.128.6', '2021-04-11 14:43:45');
INSERT INTO municipality(id_municipality, id_city, municipality, lon, lat, status, tx_id, tx_date, tx_host, tx_update) VALUES (null, 1, 'CHARAZANI (GRAL.PEREZ)', -69.00465776, -15.19456947, 1, 1, '2021-04-11 14:43:45', '192.168.128.6', '2021-04-11 14:43:45');
INSERT INTO municipality(id_municipality, id_city, municipality, lon, lat, status, tx_id, tx_date, tx_host, tx_update) VALUES (null, 1, 'CALAMARCA', -68.11852823, -16.9085792, 1, 1, '2021-04-11 14:43:45', '192.168.128.6', '2021-04-11 14:43:45');
INSERT INTO municipality(id_municipality, id_city, municipality, lon, lat, status, tx_id, tx_date, tx_host, tx_update) VALUES (null, 1, 'ESCOMA', -69.13557836, -15.6593161, 1, 1, '2021-04-11 14:43:45', '192.168.128.6', '2021-04-11 14:43:45');
INSERT INTO municipality(id_municipality, id_city, municipality, lon, lat, status, tx_id, tx_date, tx_host, tx_update) VALUES (null, 1, 'SAPAHAQUI', -67.939192, -16.89122933, 1, 1, '2021-04-11 14:43:45', '192.168.128.6', '2021-04-11 14:43:45');
INSERT INTO municipality(id_municipality, id_city, municipality, lon, lat, status, tx_id, tx_date, tx_host, tx_update) VALUES (null, 1, 'ALTO BENI', -67.43222086, -15.61586059, 1, 1, '2021-04-11 14:43:45', '192.168.128.6', '2021-04-11 14:43:45');
INSERT INTO municipality(id_municipality, id_city, municipality, lon, lat, status, tx_id, tx_date, tx_host, tx_update) VALUES (null, 1, 'CHACARILLA', -68.16958672, -17.55656379, 1, 1, '2021-04-11 14:43:45', '192.168.128.6', '2021-04-11 14:43:45');
INSERT INTO municipality(id_municipality, id_city, municipality, lon, lat, status, tx_id, tx_date, tx_host, tx_update) VALUES (null, 1, 'SANTIAGO DE MACHACA', -69.21870281, -17.06165203, 1, 1, '2021-04-11 14:43:45', '192.168.128.6', '2021-04-11 14:43:45');
INSERT INTO municipality(id_municipality, id_city, municipality, lon, lat, status, tx_id, tx_date, tx_host, tx_update) VALUES (null, 1, 'YACO', -67.40880323, -17.156765, 1, 1, '2021-04-11 14:43:45', '192.168.128.6', '2021-04-11 14:43:45');
INSERT INTO municipality(id_municipality, id_city, municipality, lon, lat, status, tx_id, tx_date, tx_host, tx_update) VALUES (null, 1, 'MALLA', -67.45037185, -17.03944913, 1, 1, '2021-04-11 14:43:45', '192.168.128.6', '2021-04-11 14:43:45');
INSERT INTO municipality(id_municipality, id_city, municipality, lon, lat, status, tx_id, tx_date, tx_host, tx_update) VALUES (null, 1, 'SANTIAGO DE HUATA', -68.87656809, -16.06558395, 1, 1, '2021-04-11 14:43:45', '192.168.128.6', '2021-04-11 14:43:45');
INSERT INTO municipality(id_municipality, id_city, municipality, lon, lat, status, tx_id, tx_date, tx_host, tx_update) VALUES (null, 1, 'ANCORAIMES', -68.87728106, -15.91147148, 1, 1, '2021-04-11 14:43:45', '192.168.128.6', '2021-04-11 14:43:45');
INSERT INTO municipality(id_municipality, id_city, municipality, lon, lat, status, tx_id, tx_date, tx_host, tx_update) VALUES (null, 1, 'PUERTO ACOSTA', -69.25279238, -15.53485363, 1, 1, '2021-04-11 14:43:45', '192.168.128.6', '2021-04-11 14:43:45');
INSERT INTO municipality(id_municipality, id_city, municipality, lon, lat, status, tx_id, tx_date, tx_host, tx_update) VALUES (null, 1, 'WALDO BALLIVIAN', -68.20085844, -17.08415238, 1, 1, '2021-04-11 14:43:45', '192.168.128.6', '2021-04-11 14:43:45');
INSERT INTO municipality(id_municipality, id_city, municipality, lon, lat, status, tx_id, tx_date, tx_host, tx_update) VALUES (null, 1, 'TIPUANI', -68.01909273, -15.56400726, 1, 1, '2021-04-11 14:43:45', '192.168.128.6', '2021-04-11 14:43:45');
INSERT INTO municipality(id_municipality, id_city, municipality, lon, lat, status, tx_id, tx_date, tx_host, tx_update) VALUES (null, 1, 'CAJUATA', -67.18988539, -16.6914172, 1, 1, '2021-04-11 14:43:45', '192.168.128.6', '2021-04-11 14:43:45');
INSERT INTO municipality(id_municipality, id_city, municipality, lon, lat, status, tx_id, tx_date, tx_host, tx_update) VALUES (null, 1, 'PUERTO PEREZ', -68.65399255, -16.33335061, 1, 1, '2021-04-11 14:43:45', '192.168.128.6', '2021-04-11 14:43:45');
INSERT INTO municipality(id_municipality, id_city, municipality, lon, lat, status, tx_id, tx_date, tx_host, tx_update) VALUES (null, 1, 'LURIBAY', -67.66300088, -17.06361791, 1, 1, '2021-04-11 14:43:45', '192.168.128.6', '2021-04-11 14:43:45');
INSERT INTO municipality(id_municipality, id_city, municipality, lon, lat, status, tx_id, tx_date, tx_host, tx_update) VALUES (null, 1, 'TITO YUPANKI', -68.97157346, -16.16396862, 1, 1, '2021-04-11 14:43:45', '192.168.128.6', '2021-04-11 14:43:45');
INSERT INTO municipality(id_municipality, id_city, municipality, lon, lat, status, tx_id, tx_date, tx_host, tx_update) VALUES (null, 1, 'HUATAJATA', -68.6936013, -16.2028214, 1, 1, '2021-04-11 14:43:45', '192.168.128.6', '2021-04-11 14:43:45');
INSERT INTO municipality(id_municipality, id_city, municipality, lon, lat, status, tx_id, tx_date, tx_host, tx_update) VALUES (null, 1, 'PELECHUCO', -69.08361671, -14.82336862, 1, 1, '2021-04-11 14:43:45', '192.168.128.6', '2021-04-11 14:43:45');
INSERT INTO municipality(id_municipality, id_city, municipality, lon, lat, status, tx_id, tx_date, tx_host, tx_update) VALUES (null, 1, 'CHUMA', -68.89774317, -15.48159976, 1, 1, '2021-04-11 14:43:45', '192.168.128.6', '2021-04-11 14:43:45');
INSERT INTO municipality(id_municipality, id_city, municipality, lon, lat, status, tx_id, tx_date, tx_host, tx_update) VALUES (null, 1, 'COLLANA', -68.28267985, -16.90415268, 1, 1, '2021-04-11 14:43:45', '192.168.128.6', '2021-04-11 14:43:45');
INSERT INTO municipality(id_municipality, id_city, municipality, lon, lat, status, tx_id, tx_date, tx_host, tx_update) VALUES (null, 1, 'HUARINA', -68.59894625, -16.18881838, 1, 1, '2021-04-11 14:43:45', '192.168.128.6', '2021-04-11 14:43:45');
INSERT INTO municipality(id_municipality, id_city, municipality, lon, lat, status, tx_id, tx_date, tx_host, tx_update) VALUES (null, 1, 'CHUA COCANI', -68.74459884, -16.18820127, 1, 1, '2021-04-11 14:43:45', '192.168.128.6', '2021-04-11 14:43:45');
INSERT INTO municipality(id_municipality, id_city, municipality, lon, lat, status, tx_id, tx_date, tx_host, tx_update) VALUES (null, 1, 'MAPIRI', -68.22269542, -15.3097416, 1, 1, '2021-04-11 14:43:45', '192.168.128.6', '2021-04-11 14:43:45');
INSERT INTO municipality(id_municipality, id_city, municipality, lon, lat, status, tx_id, tx_date, tx_host, tx_update) VALUES (null, 1, 'NAZACARA DE PACAJES', -68.7817186, -16.92517284, 1, 1, '2021-04-11 14:43:45', '192.168.128.6', '2021-04-11 14:43:45');
INSERT INTO municipality(id_municipality, id_city, municipality, lon, lat, status, tx_id, tx_date, tx_host, tx_update) VALUES (null, 1, 'PUERTO CARABUCO', -69.0650111, -15.75707377, 1, 1, '2021-04-11 14:43:45', '192.168.128.6', '2021-04-11 14:43:45');
INSERT INTO municipality(id_municipality, id_city, municipality, lon, lat, status, tx_id, tx_date, tx_host, tx_update) VALUES (null, 1, 'AYATA', -68.75295313, -15.34096733, 1, 1, '2021-04-11 14:43:45', '192.168.128.6', '2021-04-11 14:43:45');
INSERT INTO municipality(id_municipality, id_city, municipality, lon, lat, status, tx_id, tx_date, tx_host, tx_update) VALUES (null, 1, 'MOCOMOCO', -68.9992662, -15.45601211, 1, 1, '2021-04-11 14:43:45', '192.168.128.6', '2021-04-11 14:43:45');
INSERT INTO municipality(id_municipality, id_city, municipality, lon, lat, status, tx_id, tx_date, tx_host, tx_update) VALUES (null, 1, 'ICHOCA', -67.18341213, -17.14189698, 1, 1, '2021-04-11 14:43:45', '192.168.128.6', '2021-04-11 14:43:45');
INSERT INTO municipality(id_municipality, id_city, municipality, lon, lat, status, tx_id, tx_date, tx_host, tx_update) VALUES (null, 1, 'LICOMA (VILLA LIBERTAD)', -67.20665237, -16.80384139, 1, 1, '2021-04-11 14:43:45', '192.168.128.6', '2021-04-11 14:43:45');
INSERT INTO municipality(id_municipality, id_city, municipality, lon, lat, status, tx_id, tx_date, tx_host, tx_update) VALUES (null, 1, 'CATACORA', -69.47414896, -17.16989427, 1, 1, '2021-04-11 14:43:45', '192.168.128.6', '2021-04-11 14:43:45');
INSERT INTO municipality(id_municipality, id_city, municipality, lon, lat, status, tx_id, tx_date, tx_host, tx_update) VALUES (null, 1, 'CAQUIAVIRI', -68.6086023, -17.02455985, 1, 1, '2021-04-11 14:43:45', '192.168.128.6', '2021-04-11 14:43:45');
INSERT INTO municipality(id_municipality, id_city, municipality, lon, lat, status, tx_id, tx_date, tx_host, tx_update) VALUES (null, 1, 'TACACOMA', -68.51865619, -15.37332169, 1, 1, '2021-04-11 14:43:45', '192.168.128.6', '2021-04-11 14:43:45');
INSERT INTO municipality(id_municipality, id_city, municipality, lon, lat, status, tx_id, tx_date, tx_host, tx_update) VALUES (null, 1, 'IXIAMAS', -68.14708633, -13.74432438, 1, 1, '2021-04-11 14:43:45', '192.168.128.6', '2021-04-11 14:43:45');
INSERT INTO municipality(id_municipality, id_city, municipality, lon, lat, status, tx_id, tx_date, tx_host, tx_update) VALUES (null, 1, 'PAPEL PAMPA', -67.76793828, -17.82297111, 1, 1, '2021-04-11 14:43:45', '192.168.128.6', '2021-04-11 14:43:45');
INSERT INTO municipality(id_municipality, id_city, municipality, lon, lat, status, tx_id, tx_date, tx_host, tx_update) VALUES (null, 6, 'ORURO', -67.09265122, -17.97156366, 1, 1, '2021-04-11 14:43:45', '192.168.128.6', '2021-04-11 14:43:45');
INSERT INTO municipality(id_municipality, id_city, municipality, lon, lat, status, tx_id, tx_date, tx_host, tx_update) VALUES (null, 6, 'VILLA HUANUNI', -66.84159054, -18.28519515, 1, 1, '2021-04-11 14:43:45', '192.168.128.6', '2021-04-11 14:43:45');
INSERT INTO municipality(id_municipality, id_city, municipality, lon, lat, status, tx_id, tx_date, tx_host, tx_update) VALUES (null, 6, 'CHALLAPATA', -66.77964281, -18.89201002, 1, 1, '2021-04-11 14:43:45', '192.168.128.6', '2021-04-11 14:43:45');
INSERT INTO municipality(id_municipality, id_city, municipality, lon, lat, status, tx_id, tx_date, tx_host, tx_update) VALUES (null, 6, 'CRUZ DE MACHACAMARCA', -68.31892103, -18.76672668, 1, 1, '2021-04-11 14:43:45', '192.168.128.6', '2021-04-11 14:43:45');
INSERT INTO municipality(id_municipality, id_city, municipality, lon, lat, status, tx_id, tx_date, tx_host, tx_update) VALUES (null, 6, 'SABAYA', -68.41051289, -19.01058683, 1, 1, '2021-04-11 14:43:45', '192.168.128.6', '2021-04-11 14:43:45');
INSERT INTO municipality(id_municipality, id_city, municipality, lon, lat, status, tx_id, tx_date, tx_host, tx_update) VALUES (null, 6, 'EUCALIPTUS', -67.50991347, -17.59823209, 1, 1, '2021-04-11 14:43:45', '192.168.128.6', '2021-04-11 14:43:45');
INSERT INTO municipality(id_municipality, id_city, municipality, lon, lat, status, tx_id, tx_date, tx_host, tx_update) VALUES (null, 6, 'SANTIAGO DE HUARI', -66.78862031, -19.00811508, 1, 1, '2021-04-11 14:43:45', '192.168.128.6', '2021-04-11 14:43:45');
INSERT INTO municipality(id_municipality, id_city, municipality, lon, lat, status, tx_id, tx_date, tx_host, tx_update) VALUES (null, 6, 'TOLEDO', -67.40954535, -18.1862087, 1, 1, '2021-04-11 14:43:45', '192.168.128.6', '2021-04-11 14:43:45');
INSERT INTO municipality(id_municipality, id_city, municipality, lon, lat, status, tx_id, tx_date, tx_host, tx_update) VALUES (null, 6, 'HUACHACALLA', -68.25749891, -18.79490254, 1, 1, '2021-04-11 14:43:45', '192.168.128.6', '2021-04-11 14:43:45');
INSERT INTO municipality(id_municipality, id_city, municipality, lon, lat, status, tx_id, tx_date, tx_host, tx_update) VALUES (null, 6, 'POOPÓ', -66.99783481, -18.37986781, 1, 1, '2021-04-11 14:43:45', '192.168.128.6', '2021-04-11 14:43:45');
INSERT INTO municipality(id_municipality, id_city, municipality, lon, lat, status, tx_id, tx_date, tx_host, tx_update) VALUES (null, 6, 'SALINAS DE GARCI MENDOZA', -67.6843542, -19.62010802, 1, 1, '2021-04-11 14:43:45', '192.168.128.6', '2021-04-11 14:43:45');
INSERT INTO municipality(id_municipality, id_city, municipality, lon, lat, status, tx_id, tx_date, tx_host, tx_update) VALUES (null, 6, 'CARACOLLO', -67.21773636, -17.65177796, 1, 1, '2021-04-11 14:43:45', '192.168.128.6', '2021-04-11 14:43:45');
INSERT INTO municipality(id_municipality, id_city, municipality, lon, lat, status, tx_id, tx_date, tx_host, tx_update) VALUES (null, 6, 'ANTEQUERA (BOLIVAR)', -66.84209478, -18.47748452, 1, 1, '2021-04-11 14:43:45', '192.168.128.6', '2021-04-11 14:43:45');
INSERT INTO municipality(id_municipality, id_city, municipality, lon, lat, status, tx_id, tx_date, tx_host, tx_update) VALUES (null, 6, 'SANTUARIO DE QUILLACAS', -66.94184358, -19.23800777, 1, 1, '2021-04-11 14:43:45', '192.168.128.6', '2021-04-11 14:43:45');
INSERT INTO municipality(id_municipality, id_city, municipality, lon, lat, status, tx_id, tx_date, tx_host, tx_update) VALUES (null, 6, 'SANTIAGO DE ANDAMARCA', -67.52082097, -18.77937745, 1, 1, '2021-04-11 14:43:45', '192.168.128.6', '2021-04-11 14:43:45');
INSERT INTO municipality(id_municipality, id_city, municipality, lon, lat, status, tx_id, tx_date, tx_host, tx_update) VALUES (null, 6, 'TURCO', -68.2796956, -18.1910668, 1, 1, '2021-04-11 14:43:45', '192.168.128.6', '2021-04-11 14:43:45');
INSERT INTO municipality(id_municipality, id_city, municipality, lon, lat, status, tx_id, tx_date, tx_host, tx_update) VALUES (null, 6, 'PAZÑA', -66.92341364, -18.59687643, 1, 1, '2021-04-11 14:43:45', '192.168.128.6', '2021-04-11 14:43:45');
INSERT INTO municipality(id_municipality, id_city, municipality, lon, lat, status, tx_id, tx_date, tx_host, tx_update) VALUES (null, 6, 'CORQUE', -67.70315768, -18.34605121, 1, 1, '2021-04-11 14:43:45', '192.168.128.6', '2021-04-11 14:43:45');
INSERT INTO municipality(id_municipality, id_city, municipality, lon, lat, status, tx_id, tx_date, tx_host, tx_update) VALUES (null, 6, 'CARANGAS', -68.62535519, -18.94094201, 1, 1, '2021-04-11 14:43:45', '192.168.128.6', '2021-04-11 14:43:45');
INSERT INTO municipality(id_municipality, id_city, municipality, lon, lat, status, tx_id, tx_date, tx_host, tx_update) VALUES (null, 6, 'PAMPA AULLAGAS', -67.06478534, -19.20896623, 1, 1, '2021-04-11 14:43:45', '192.168.128.6', '2021-04-11 14:43:45');
INSERT INTO municipality(id_municipality, id_city, municipality, lon, lat, status, tx_id, tx_date, tx_host, tx_update) VALUES (null, 6, 'SANTIAGO DE HUAYLLAMARCA', -67.94069765, -17.8365206, 1, 1, '2021-04-11 14:43:45', '192.168.128.6', '2021-04-11 14:43:45');
INSERT INTO municipality(id_municipality, id_city, municipality, lon, lat, status, tx_id, tx_date, tx_host, tx_update) VALUES (null, 6, 'SAN PEDRO DE TOTORA', -68.15728626, -17.79403783, 1, 1, '2021-04-11 14:43:45', '192.168.128.6', '2021-04-11 14:43:45');
INSERT INTO municipality(id_municipality, id_city, municipality, lon, lat, status, tx_id, tx_date, tx_host, tx_update) VALUES (null, 6, 'ESMERALDA', -68.11340906, -18.97150588, 1, 1, '2021-04-11 14:43:45', '192.168.128.6', '2021-04-11 14:43:45');
INSERT INTO municipality(id_municipality, id_city, municipality, lon, lat, status, tx_id, tx_date, tx_host, tx_update) VALUES (null, 6, 'YUNGUYO DEL LITORAL *', -68.35267837, -18.84738754, 1, 1, '2021-04-11 14:43:45', '192.168.128.6', '2021-04-11 14:43:45');
INSERT INTO municipality(id_municipality, id_city, municipality, lon, lat, status, tx_id, tx_date, tx_host, tx_update) VALUES (null, 6, 'ESCARA', -68.16829678, -18.8578815, 1, 1, '2021-04-11 14:43:45', '192.168.128.6', '2021-04-11 14:43:45');
INSERT INTO municipality(id_municipality, id_city, municipality, lon, lat, status, tx_id, tx_date, tx_host, tx_update) VALUES (null, 6, 'EL CHORO', -67.12910598, -18.35700727, 1, 1, '2021-04-11 14:43:45', '192.168.128.6', '2021-04-11 14:43:45');
INSERT INTO municipality(id_municipality, id_city, municipality, lon, lat, status, tx_id, tx_date, tx_host, tx_update) VALUES (null, 6, 'CHOQUECOTA', -67.92176319, -18.09018555, 1, 1, '2021-04-11 14:43:45', '192.168.128.6', '2021-04-11 14:43:45');
INSERT INTO municipality(id_municipality, id_city, municipality, lon, lat, status, tx_id, tx_date, tx_host, tx_update) VALUES (null, 6, 'COIPASA', -68.28084954, -19.28565701, 1, 1, '2021-04-11 14:43:45', '192.168.128.6', '2021-04-11 14:43:45');
INSERT INTO municipality(id_municipality, id_city, municipality, lon, lat, status, tx_id, tx_date, tx_host, tx_update) VALUES (null, 6, 'BELÉN DE ANDAMARCA', -67.64300683, -18.83353507, 1, 1, '2021-04-11 14:43:45', '192.168.128.6', '2021-04-11 14:43:45');
INSERT INTO municipality(id_municipality, id_city, municipality, lon, lat, status, tx_id, tx_date, tx_host, tx_update) VALUES (null, 6, 'LA RIVERA', -68.65253557, -19.02116673, 1, 1, '2021-04-11 14:43:45', '192.168.128.6', '2021-04-11 14:43:45');
INSERT INTO municipality(id_municipality, id_city, municipality, lon, lat, status, tx_id, tx_date, tx_host, tx_update) VALUES (null, 6, 'PARIA', -67.02078576, -17.82187426, 1, 1, '2021-04-11 14:43:45', '192.168.128.6', '2021-04-11 14:43:45');
INSERT INTO municipality(id_municipality, id_city, municipality, lon, lat, status, tx_id, tx_date, tx_host, tx_update) VALUES (null, 7, 'COBIJA', -68.78197306, -11.03493406, 1, 1, '2021-04-11 14:43:45', '192.168.128.6', '2021-04-11 14:43:45');
INSERT INTO municipality(id_municipality, id_city, municipality, lon, lat, status, tx_id, tx_date, tx_host, tx_update) VALUES (null, 7, 'PUERTO RICO', -67.55503029, -11.10096818, 1, 1, '2021-04-11 14:43:45', '192.168.128.6', '2021-04-11 14:43:45');
INSERT INTO municipality(id_municipality, id_city, municipality, lon, lat, status, tx_id, tx_date, tx_host, tx_update) VALUES (null, 7, 'PUERTO GONZALES MORENO', -66.18098554, -11.04601758, 1, 1, '2021-04-11 14:43:45', '192.168.128.6', '2021-04-11 14:43:45');
INSERT INTO municipality(id_municipality, id_city, municipality, lon, lat, status, tx_id, tx_date, tx_host, tx_update) VALUES (null, 7, 'SAN LORENZO', -66.8876113, -11.57039852, 1, 1, '2021-04-11 14:43:45', '192.168.128.6', '2021-04-11 14:43:45');
INSERT INTO municipality(id_municipality, id_city, municipality, lon, lat, status, tx_id, tx_date, tx_host, tx_update) VALUES (null, 7, 'PORVENIR', -68.70500075, -11.237052, 1, 1, '2021-04-11 14:43:45', '192.168.128.6', '2021-04-11 14:43:45');
INSERT INTO municipality(id_municipality, id_city, municipality, lon, lat, status, tx_id, tx_date, tx_host, tx_update) VALUES (null, 7, 'BELLA FLOR', -67.72199795, -11.13115929, 1, 1, '2021-04-11 14:43:45', '192.168.128.6', '2021-04-11 14:43:45');
INSERT INTO municipality(id_municipality, id_city, municipality, lon, lat, status, tx_id, tx_date, tx_host, tx_update) VALUES (null, 7, 'EL SENA', -67.25224987, -11.47855178, 1, 1, '2021-04-11 14:43:45', '192.168.128.6', '2021-04-11 14:43:45');
INSERT INTO municipality(id_municipality, id_city, municipality, lon, lat, status, tx_id, tx_date, tx_host, tx_update) VALUES (null, 7, 'BOLPEBRA (MUKDEN)', -69.1629679, -11.14343665, 1, 1, '2021-04-11 14:43:45', '192.168.128.6', '2021-04-11 14:43:45');
INSERT INTO municipality(id_municipality, id_city, municipality, lon, lat, status, tx_id, tx_date, tx_host, tx_update) VALUES (null, 7, 'SAN PEDRO (CONQUISTA)', -67.92675352, -11.79462279, 1, 1, '2021-04-11 14:43:45', '192.168.128.6', '2021-04-11 14:43:45');
INSERT INTO municipality(id_municipality, id_city, municipality, lon, lat, status, tx_id, tx_date, tx_host, tx_update) VALUES (null, 7, 'SANTA ROSA DEL ABUNÁ', -67.44665629, -10.61627816, 1, 1, '2021-04-11 14:43:45', '192.168.128.6', '2021-04-11 14:43:45');
INSERT INTO municipality(id_municipality, id_city, municipality, lon, lat, status, tx_id, tx_date, tx_host, tx_update) VALUES (null, 7, 'NUEVO MANOA (NUEVA ESPERANZA)', -65.41233559, -9.761617993, 1, 1, '2021-04-11 14:43:45', '192.168.128.6', '2021-04-11 14:43:45');
INSERT INTO municipality(id_municipality, id_city, municipality, lon, lat, status, tx_id, tx_date, tx_host, tx_update) VALUES (null, 7, 'FILADELFIA', -68.76030991, -11.34570413, 1, 1, '2021-04-11 14:43:45', '192.168.128.6', '2021-04-11 14:43:45');
INSERT INTO municipality(id_municipality, id_city, municipality, lon, lat, status, tx_id, tx_date, tx_host, tx_update) VALUES (null, 7, 'VILLA NUEVA (LOMA ALTA)', -66.11736995, -10.71275692, 1, 1, '2021-04-11 14:43:45', '192.168.128.6', '2021-04-11 14:43:45');
INSERT INTO municipality(id_municipality, id_city, municipality, lon, lat, status, tx_id, tx_date, tx_host, tx_update) VALUES (null, 7, 'INGAVI', -66.74179823, -10.68588827, 1, 1, '2021-04-11 14:43:45', '192.168.128.6', '2021-04-11 14:43:45');
INSERT INTO municipality(id_municipality, id_city, municipality, lon, lat, status, tx_id, tx_date, tx_host, tx_update) VALUES (null, 7, 'SANTOS MERCADO', -66.21322376, -10.14478237, 1, 1, '2021-04-11 14:43:45', '192.168.128.6', '2021-04-11 14:43:45');
INSERT INTO municipality(id_municipality, id_city, municipality, lon, lat, status, tx_id, tx_date, tx_host, tx_update) VALUES (null, 9, 'POTOSÍ', -65.75844723, -19.57466017, 1, 1, '2021-04-11 14:43:45', '192.168.128.6', '2021-04-11 14:43:45');
INSERT INTO municipality(id_municipality, id_city, municipality, lon, lat, status, tx_id, tx_date, tx_host, tx_update) VALUES (null, 9, 'LLALLAGUA', -66.58186746, -18.42316312, 1, 1, '2021-04-11 14:43:45', '192.168.128.6', '2021-04-11 14:43:45');
INSERT INTO municipality(id_municipality, id_city, municipality, lon, lat, status, tx_id, tx_date, tx_host, tx_update) VALUES (null, 9, 'VILLAZÓN', -65.59782948, -22.0211963, 1, 1, '2021-04-11 14:43:45', '192.168.128.6', '2021-04-11 14:43:45');
INSERT INTO municipality(id_municipality, id_city, municipality, lon, lat, status, tx_id, tx_date, tx_host, tx_update) VALUES (null, 9, 'TUPIZA', -65.73312015, -21.43470553, 1, 1, '2021-04-11 14:43:45', '192.168.128.6', '2021-04-11 14:43:45');
INSERT INTO municipality(id_municipality, id_city, municipality, lon, lat, status, tx_id, tx_date, tx_host, tx_update) VALUES (null, 9, 'COLCHA"K" (V.MARTIN)', -67.6595135, -20.73963899, 1, 1, '2021-04-11 14:43:45', '192.168.128.6', '2021-04-11 14:43:45');
INSERT INTO municipality(id_municipality, id_city, municipality, lon, lat, status, tx_id, tx_date, tx_host, tx_update) VALUES (null, 9, 'UNCÍA', -66.56071071, -18.47475124, 1, 1, '2021-04-11 14:43:45', '192.168.128.6', '2021-04-11 14:43:45');
INSERT INTO municipality(id_municipality, id_city, municipality, lon, lat, status, tx_id, tx_date, tx_host, tx_update) VALUES (null, 9, 'UYUNI (THOLA PAMPA)', -66.82785416, -20.47198582, 1, 1, '2021-04-11 14:43:45', '192.168.128.6', '2021-04-11 14:43:45');
INSERT INTO municipality(id_municipality, id_city, municipality, lon, lat, status, tx_id, tx_date, tx_host, tx_update) VALUES (null, 9, 'BETANZOS', -65.45271773, -19.55414299, 1, 1, '2021-04-11 14:43:45', '192.168.128.6', '2021-04-11 14:43:45');
INSERT INTO municipality(id_municipality, id_city, municipality, lon, lat, status, tx_id, tx_date, tx_host, tx_update) VALUES (null, 9, 'COTAGAITA', -65.70493219, -20.80793398, 1, 1, '2021-04-11 14:43:45', '192.168.128.6', '2021-04-11 14:43:45');
INSERT INTO municipality(id_municipality, id_city, municipality, lon, lat, status, tx_id, tx_date, tx_host, tx_update) VALUES (null, 9, 'ATOCHA', -66.2248974, -20.94127572, 1, 1, '2021-04-11 14:43:45', '192.168.128.6', '2021-04-11 14:43:45');
INSERT INTO municipality(id_municipality, id_city, municipality, lon, lat, status, tx_id, tx_date, tx_host, tx_update) VALUES (null, 9, 'PUNA', -65.51905564, -19.7907291, 1, 1, '2021-04-11 14:43:45', '192.168.128.6', '2021-04-11 14:43:45');
INSERT INTO municipality(id_municipality, id_city, municipality, lon, lat, status, tx_id, tx_date, tx_host, tx_update) VALUES (null, 9, 'VITICHI', -65.49606174, -20.20852378, 1, 1, '2021-04-11 14:43:45', '192.168.128.6', '2021-04-11 14:43:45');
INSERT INTO municipality(id_municipality, id_city, municipality, lon, lat, status, tx_id, tx_date, tx_host, tx_update) VALUES (null, 9, 'TOMAVE', -66.4219591, -20.13709371, 1, 1, '2021-04-11 14:43:45', '192.168.128.6', '2021-04-11 14:43:45');
INSERT INTO municipality(id_municipality, id_city, municipality, lon, lat, status, tx_id, tx_date, tx_host, tx_update) VALUES (null, 9, 'CAIZA "D"', -65.65567019, -20.00724619, 1, 1, '2021-04-11 14:43:45', '192.168.128.6', '2021-04-11 14:43:45');
INSERT INTO municipality(id_municipality, id_city, municipality, lon, lat, status, tx_id, tx_date, tx_host, tx_update) VALUES (null, 9, 'OCURI', -65.79575085, -18.841491, 1, 1, '2021-04-11 14:43:45', '192.168.128.6', '2021-04-11 14:43:45');
INSERT INTO municipality(id_municipality, id_city, municipality, lon, lat, status, tx_id, tx_date, tx_host, tx_update) VALUES (null, 9, 'POCOATA', -66.16438862, -18.70161851, 1, 1, '2021-04-11 14:43:45', '192.168.128.6', '2021-04-11 14:43:45');
INSERT INTO municipality(id_municipality, id_city, municipality, lon, lat, status, tx_id, tx_date, tx_host, tx_update) VALUES (null, 9, 'CHAYANTA', -66.44444466, -18.46182405, 1, 1, '2021-04-11 14:43:45', '192.168.128.6', '2021-04-11 14:43:45');
INSERT INTO municipality(id_municipality, id_city, municipality, lon, lat, status, tx_id, tx_date, tx_host, tx_update) VALUES (null, 9, 'TORO TORO', -65.75753022, -18.14083875, 1, 1, '2021-04-11 14:43:45', '192.168.128.6', '2021-04-11 14:43:45');
INSERT INTO municipality(id_municipality, id_city, municipality, lon, lat, status, tx_id, tx_date, tx_host, tx_update) VALUES (null, 9, 'TAHUA', -67.69532009, -19.88923704, 1, 1, '2021-04-11 14:43:45', '192.168.128.6', '2021-04-11 14:43:45');
INSERT INTO municipality(id_municipality, id_city, municipality, lon, lat, status, tx_id, tx_date, tx_host, tx_update) VALUES (null, 9, 'COLQUECHACA', -66.00377881, -18.69924188, 1, 1, '2021-04-11 14:43:45', '192.168.128.6', '2021-04-11 14:43:45');
INSERT INTO municipality(id_municipality, id_city, municipality, lon, lat, status, tx_id, tx_date, tx_host, tx_update) VALUES (null, 9, 'SAN AGUSTÍN', -67.67987974, -21.15737873, 1, 1, '2021-04-11 14:43:45', '192.168.128.6', '2021-04-11 14:43:45');
INSERT INTO municipality(id_municipality, id_city, municipality, lon, lat, status, tx_id, tx_date, tx_host, tx_update) VALUES (null, 9, 'PORCO', -65.97584867, -19.80619725, 1, 1, '2021-04-11 14:43:45', '192.168.128.6', '2021-04-11 14:43:45');
INSERT INTO municipality(id_municipality, id_city, municipality, lon, lat, status, tx_id, tx_date, tx_host, tx_update) VALUES (null, 9, 'SAN PEDRO DE BUENA VISTA', -65.98606469, -18.26650099, 1, 1, '2021-04-11 14:43:45', '192.168.128.6', '2021-04-11 14:43:45');
INSERT INTO municipality(id_municipality, id_city, municipality, lon, lat, status, tx_id, tx_date, tx_host, tx_update) VALUES (null, 9, 'RAVELO', -65.52990086, -18.78926684, 1, 1, '2021-04-11 14:43:45', '192.168.128.6', '2021-04-11 14:43:45');
INSERT INTO municipality(id_municipality, id_city, municipality, lon, lat, status, tx_id, tx_date, tx_host, tx_update) VALUES (null, 9, 'LLICA', -68.26236584, -19.86438337, 1, 1, '2021-04-11 14:43:45', '192.168.128.6', '2021-04-11 14:43:45');
INSERT INTO municipality(id_municipality, id_city, municipality, lon, lat, status, tx_id, tx_date, tx_host, tx_update) VALUES (null, 9, 'TACOBAMBA', -65.49575608, -19.16819706, 1, 1, '2021-04-11 14:43:45', '192.168.128.6', '2021-04-11 14:43:45');
INSERT INTO municipality(id_municipality, id_city, municipality, lon, lat, status, tx_id, tx_date, tx_host, tx_update) VALUES (null, 9, 'YOCALLA', -65.92570533, -19.48047087, 1, 1, '2021-04-11 14:43:45', '192.168.128.6', '2021-04-11 14:43:45');
INSERT INTO municipality(id_municipality, id_city, municipality, lon, lat, status, tx_id, tx_date, tx_host, tx_update) VALUES (null, 9, 'CHUQUIHUTA', -66.35983828, -18.59674668, 1, 1, '2021-04-11 14:43:45', '192.168.128.6', '2021-04-11 14:43:45');
INSERT INTO municipality(id_municipality, id_city, municipality, lon, lat, status, tx_id, tx_date, tx_host, tx_update) VALUES (null, 9, 'TINGUIPAYA', -65.8857859, -19.11433824, 1, 1, '2021-04-11 14:43:45', '192.168.128.6', '2021-04-11 14:43:45');
INSERT INTO municipality(id_municipality, id_city, municipality, lon, lat, status, tx_id, tx_date, tx_host, tx_update) VALUES (null, 9, 'CKOCHAS', -64.99448853, -19.73775829, 1, 1, '2021-04-11 14:43:45', '192.168.128.6', '2021-04-11 14:43:45');
INSERT INTO municipality(id_municipality, id_city, municipality, lon, lat, status, tx_id, tx_date, tx_host, tx_update) VALUES (null, 9, 'SACACA', -66.39572865, -18.06742619, 1, 1, '2021-04-11 14:43:45', '192.168.128.6', '2021-04-11 14:43:45');
INSERT INTO municipality(id_municipality, id_city, municipality, lon, lat, status, tx_id, tx_date, tx_host, tx_update) VALUES (null, 9, 'CHAQUI', -65.56257603, -19.58585057, 1, 1, '2021-04-11 14:43:45', '192.168.128.6', '2021-04-11 14:43:45');
INSERT INTO municipality(id_municipality, id_city, municipality, lon, lat, status, tx_id, tx_date, tx_host, tx_update) VALUES (null, 9, 'SAN PEDRO DE QUEMES', -68.15982354, -21.08822005, 1, 1, '2021-04-11 14:43:45', '192.168.128.6', '2021-04-11 14:43:45');
INSERT INTO municipality(id_municipality, id_city, municipality, lon, lat, status, tx_id, tx_date, tx_host, tx_update) VALUES (null, 9, 'SAN PABLO DE LIPEZ', -66.61943446, -21.688172, 1, 1, '2021-04-11 14:43:45', '192.168.128.6', '2021-04-11 14:43:45');
INSERT INTO municipality(id_municipality, id_city, municipality, lon, lat, status, tx_id, tx_date, tx_host, tx_update) VALUES (null, 9, 'CARIPUYO', -66.47242954, -18.23527736, 1, 1, '2021-04-11 14:43:45', '192.168.128.6', '2021-04-11 14:43:45');
INSERT INTO municipality(id_municipality, id_city, municipality, lon, lat, status, tx_id, tx_date, tx_host, tx_update) VALUES (null, 9, 'ACASIO', -66.05401078, -18.02364783, 1, 1, '2021-04-11 14:43:45', '192.168.128.6', '2021-04-11 14:43:45');
INSERT INTO municipality(id_municipality, id_city, municipality, lon, lat, status, tx_id, tx_date, tx_host, tx_update) VALUES (null, 9, 'BELÉN DE URMIRI', -66.06321804, -19.38500034, 1, 1, '2021-04-11 14:43:45', '192.168.128.6', '2021-04-11 14:43:45');
INSERT INTO municipality(id_municipality, id_city, municipality, lon, lat, status, tx_id, tx_date, tx_host, tx_update) VALUES (null, 9, 'ARAMPAMPA', -66.08011498, -17.87896955, 1, 1, '2021-04-11 14:43:45', '192.168.128.6', '2021-04-11 14:43:45');
INSERT INTO municipality(id_municipality, id_city, municipality, lon, lat, status, tx_id, tx_date, tx_host, tx_update) VALUES (null, 9, 'SAN ANTONIO DE ESMORACA', -66.81937326, -21.86470732, 1, 1, '2021-04-11 14:43:45', '192.168.128.6', '2021-04-11 14:43:45');
INSERT INTO municipality(id_municipality, id_city, municipality, lon, lat, status, tx_id, tx_date, tx_host, tx_update) VALUES (null, 9, 'MOJINETE', -66.34370684, -21.68672324, 1, 1, '2021-04-11 14:43:45', '192.168.128.6', '2021-04-11 14:43:45');
INSERT INTO municipality(id_municipality, id_city, municipality, lon, lat, status, tx_id, tx_date, tx_host, tx_update) VALUES (null, 2, 'SANTA CRUZ DE LA SIERRA', -63.15102348, -17.80864219, 1, 1, '2021-04-11 14:43:45', '192.168.128.6', '2021-04-11 14:43:45');
INSERT INTO municipality(id_municipality, id_city, municipality, lon, lat, status, tx_id, tx_date, tx_host, tx_update) VALUES (null, 2, 'MONTERO', -63.26288227, -17.31915247, 1, 1, '2021-04-11 14:43:45', '192.168.128.6', '2021-04-11 14:43:45');
INSERT INTO municipality(id_municipality, id_city, municipality, lon, lat, status, tx_id, tx_date, tx_host, tx_update) VALUES (null, 2, 'LA GUARDIA', -63.32284815, -17.89113638, 1, 1, '2021-04-11 14:43:45', '192.168.128.6', '2021-04-11 14:43:45');
INSERT INTO municipality(id_municipality, id_city, municipality, lon, lat, status, tx_id, tx_date, tx_host, tx_update) VALUES (null, 2, 'EL TORNO', -63.38311414, -17.99236624, 1, 1, '2021-04-11 14:43:45', '192.168.128.6', '2021-04-11 14:43:45');
INSERT INTO municipality(id_municipality, id_city, municipality, lon, lat, status, tx_id, tx_date, tx_host, tx_update) VALUES (null, 2, 'COTOCA', -62.87578583, -17.77407762, 1, 1, '2021-04-11 14:43:45', '192.168.128.6', '2021-04-11 14:43:45');
INSERT INTO municipality(id_municipality, id_city, municipality, lon, lat, status, tx_id, tx_date, tx_host, tx_update) VALUES (null, 2, 'WARNES', -63.16746035, -17.52292375, 1, 1, '2021-04-11 14:43:45', '192.168.128.6', '2021-04-11 14:43:45');
INSERT INTO municipality(id_municipality, id_city, municipality, lon, lat, status, tx_id, tx_date, tx_host, tx_update) VALUES (null, 2, 'CAMIRI', -63.53039468, -20.02249177, 1, 1, '2021-04-11 14:43:45', '192.168.128.6', '2021-04-11 14:43:45');
INSERT INTO municipality(id_municipality, id_city, municipality, lon, lat, status, tx_id, tx_date, tx_host, tx_update) VALUES (null, 2, 'YAPACANÍ', -63.88573111, -17.41138743, 1, 1, '2021-04-11 14:43:45', '192.168.128.6', '2021-04-11 14:43:45');
INSERT INTO municipality(id_municipality, id_city, municipality, lon, lat, status, tx_id, tx_date, tx_host, tx_update) VALUES (null, 2, 'SAN CARLOS', -63.73167655, -17.404972, 1, 1, '2021-04-11 14:43:45', '192.168.128.6', '2021-04-11 14:43:45');
INSERT INTO municipality(id_municipality, id_city, municipality, lon, lat, status, tx_id, tx_date, tx_host, tx_update) VALUES (null, 2, 'SAN PEDRO', -63.48221893, -16.82755449, 1, 1, '2021-04-11 14:43:45', '192.168.128.6', '2021-04-11 14:43:45');
INSERT INTO municipality(id_municipality, id_city, municipality, lon, lat, status, tx_id, tx_date, tx_host, tx_update) VALUES (null, 2, 'PORONGO (AYACUCHO)', -63.30581909, -17.85573275, 1, 1, '2021-04-11 14:43:45', '192.168.128.6', '2021-04-11 14:43:45');
INSERT INTO municipality(id_municipality, id_city, municipality, lon, lat, status, tx_id, tx_date, tx_host, tx_update) VALUES (null, 2, 'PAILÓN', -62.72622578, -17.65874311, 1, 1, '2021-04-11 14:43:45', '192.168.128.6', '2021-04-11 14:43:45');
INSERT INTO municipality(id_municipality, id_city, municipality, lon, lat, status, tx_id, tx_date, tx_host, tx_update) VALUES (null, 2, 'ROBORE', -59.7437414, -18.35610674, 1, 1, '2021-04-11 14:43:45', '192.168.128.6', '2021-04-11 14:43:45');
INSERT INTO municipality(id_municipality, id_city, municipality, lon, lat, status, tx_id, tx_date, tx_host, tx_update) VALUES (null, 2, 'SAN IGNACIO DE VELASCO', -60.92834999, -16.36184703, 1, 1, '2021-04-11 14:43:45', '192.168.128.6', '2021-04-11 14:43:45');
INSERT INTO municipality(id_municipality, id_city, municipality, lon, lat, status, tx_id, tx_date, tx_host, tx_update) VALUES (null, 2, 'VALLEGRANDE', -64.11256751, -18.48852682, 1, 1, '2021-04-11 14:43:45', '192.168.128.6', '2021-04-11 14:43:45');
INSERT INTO municipality(id_municipality, id_city, municipality, lon, lat, status, tx_id, tx_date, tx_host, tx_update) VALUES (null, 2, 'SAN JOSE DE CHIQUITOS', -60.74907295, -17.83400691, 1, 1, '2021-04-11 14:43:45', '192.168.128.6', '2021-04-11 14:43:45');
INSERT INTO municipality(id_municipality, id_city, municipality, lon, lat, status, tx_id, tx_date, tx_host, tx_update) VALUES (null, 2, 'CONCEPCIÓN', -62.04018113, -16.13120688, 1, 1, '2021-04-11 14:43:45', '192.168.128.6', '2021-04-11 14:43:45');
INSERT INTO municipality(id_municipality, id_city, municipality, lon, lat, status, tx_id, tx_date, tx_host, tx_update) VALUES (null, 2, 'PORTACHUELO', -63.39750498, -17.35497166, 1, 1, '2021-04-11 14:43:45', '192.168.128.6', '2021-04-11 14:43:45');
INSERT INTO municipality(id_municipality, id_city, municipality, lon, lat, status, tx_id, tx_date, tx_host, tx_update) VALUES (null, 2, 'PUERTO QUIJARRO', -57.77483062, -17.80330519, 1, 1, '2021-04-11 14:43:45', '192.168.128.6', '2021-04-11 14:43:45');
INSERT INTO municipality(id_municipality, id_city, municipality, lon, lat, status, tx_id, tx_date, tx_host, tx_update) VALUES (null, 2, 'SAN JULIÁN', -62.60859486, -16.90578144, 1, 1, '2021-04-11 14:43:45', '192.168.128.6', '2021-04-11 14:43:45');
INSERT INTO municipality(id_municipality, id_city, municipality, lon, lat, status, tx_id, tx_date, tx_host, tx_update) VALUES (null, 2, 'FERNANDEZ ALONSO', -63.22899242, -16.89916896, 1, 1, '2021-04-11 14:43:45', '192.168.128.6', '2021-04-11 14:43:45');
INSERT INTO municipality(id_municipality, id_city, municipality, lon, lat, status, tx_id, tx_date, tx_host, tx_update) VALUES (null, 2, 'COMARAPA', -64.52997971, -17.91062668, 1, 1, '2021-04-11 14:43:45', '192.168.128.6', '2021-04-11 14:43:45');
INSERT INTO municipality(id_municipality, id_city, municipality, lon, lat, status, tx_id, tx_date, tx_host, tx_update) VALUES (null, 2, 'SANTA ROSA DEL SARA', -63.59981093, -17.10998845, 1, 1, '2021-04-11 14:43:45', '192.168.128.6', '2021-04-11 14:43:45');
INSERT INTO municipality(id_municipality, id_city, municipality, lon, lat, status, tx_id, tx_date, tx_host, tx_update) VALUES (null, 2, 'OKINAWA UNO', -62.8159141, -17.2329363, 1, 1, '2021-04-11 14:43:45', '192.168.128.6', '2021-04-11 14:43:45');
INSERT INTO municipality(id_municipality, id_city, municipality, lon, lat, status, tx_id, tx_date, tx_host, tx_update) VALUES (null, 2, 'COLPA BELGICA', -63.27626277, -17.51226615, 1, 1, '2021-04-11 14:43:45', '192.168.128.6', '2021-04-11 14:43:45');
INSERT INTO municipality(id_municipality, id_city, municipality, lon, lat, status, tx_id, tx_date, tx_host, tx_update) VALUES (null, 2, 'CUATRO CANADAS', -62.50063172, -17.24998869, 1, 1, '2021-04-11 14:43:45', '192.168.128.6', '2021-04-11 14:43:45');
INSERT INTO municipality(id_municipality, id_city, municipality, lon, lat, status, tx_id, tx_date, tx_host, tx_update) VALUES (null, 2, 'MAIRANA', -63.96152258, -18.12046346, 1, 1, '2021-04-11 14:43:45', '192.168.128.6', '2021-04-11 14:43:45');
INSERT INTO municipality(id_municipality, id_city, municipality, lon, lat, status, tx_id, tx_date, tx_host, tx_update) VALUES (null, 2, 'CHARAGUA', -63.1969427, -19.78112035, 1, 1, '2021-04-11 14:43:45', '192.168.128.6', '2021-04-11 14:43:45');
INSERT INTO municipality(id_municipality, id_city, municipality, lon, lat, status, tx_id, tx_date, tx_host, tx_update) VALUES (null, 2, 'SAN RAMÓN', -62.50263693, -16.60012558, 1, 1, '2021-04-11 14:43:45', '192.168.128.6', '2021-04-11 14:43:45');
INSERT INTO municipality(id_municipality, id_city, municipality, lon, lat, status, tx_id, tx_date, tx_host, tx_update) VALUES (null, 2, 'MINEROS', -63.23277508, -17.12520058, 1, 1, '2021-04-11 14:43:45', '192.168.128.6', '2021-04-11 14:43:45');
INSERT INTO municipality(id_municipality, id_city, municipality, lon, lat, status, tx_id, tx_date, tx_host, tx_update) VALUES (null, 2, 'BUENA VISTA', -63.66899482, -17.45867827, 1, 1, '2021-04-11 14:43:45', '192.168.128.6', '2021-04-11 14:43:45');
INSERT INTO municipality(id_municipality, id_city, municipality, lon, lat, status, tx_id, tx_date, tx_host, tx_update) VALUES (null, 2, 'ASCENCIÓN DE GUARAYOS', -63.18540244, -15.8969976, 1, 1, '2021-04-11 14:43:45', '192.168.128.6', '2021-04-11 14:43:45');
INSERT INTO municipality(id_municipality, id_city, municipality, lon, lat, status, tx_id, tx_date, tx_host, tx_update) VALUES (null, 2, 'PAMPA GRANDE', -64.11504522, -18.093647, 1, 1, '2021-04-11 14:43:45', '192.168.128.6', '2021-04-11 14:43:45');
INSERT INTO municipality(id_municipality, id_city, municipality, lon, lat, status, tx_id, tx_date, tx_host, tx_update) VALUES (null, 2, 'GENERAL SAAVEDRA', -63.21699566, -17.22895325, 1, 1, '2021-04-11 14:43:45', '192.168.128.6', '2021-04-11 14:43:45');
INSERT INTO municipality(id_municipality, id_city, municipality, lon, lat, status, tx_id, tx_date, tx_host, tx_update) VALUES (null, 2, 'BOYUIBE', -63.27987679, -20.44164934, 1, 1, '2021-04-11 14:43:45', '192.168.128.6', '2021-04-11 14:43:45');
INSERT INTO municipality(id_municipality, id_city, municipality, lon, lat, status, tx_id, tx_date, tx_host, tx_update) VALUES (null, 2, 'SAN JAVIER', -62.50349523, -16.27725935, 1, 1, '2021-04-11 14:43:45', '192.168.128.6', '2021-04-11 14:43:45');
INSERT INTO municipality(id_municipality, id_city, municipality, lon, lat, status, tx_id, tx_date, tx_host, tx_update) VALUES (null, 2, 'EL PUENTE', -62.91814325, -16.32681101, 1, 1, '2021-04-11 14:43:45', '192.168.128.6', '2021-04-11 14:43:45');
INSERT INTO municipality(id_municipality, id_city, municipality, lon, lat, status, tx_id, tx_date, tx_host, tx_update) VALUES (null, 2, 'SAN JUAN', -63.85900614, -17.26254816, 1, 1, '2021-04-11 14:43:45', '192.168.128.6', '2021-04-11 14:43:45');
INSERT INTO municipality(id_municipality, id_city, municipality, lon, lat, status, tx_id, tx_date, tx_host, tx_update) VALUES (null, 2, 'SAMAIPATA', -63.88338397, -18.17781319, 1, 1, '2021-04-11 14:43:45', '192.168.128.6', '2021-04-11 14:43:45');
INSERT INTO municipality(id_municipality, id_city, municipality, lon, lat, status, tx_id, tx_date, tx_host, tx_update) VALUES (null, 2, 'PUERTO SUAREZ', -57.8146934, -18.97269099, 1, 1, '2021-04-11 14:43:45', '192.168.128.6', '2021-04-11 14:43:45');
INSERT INTO municipality(id_municipality, id_city, municipality, lon, lat, status, tx_id, tx_date, tx_host, tx_update) VALUES (null, 2, 'QUIRUSILLAS', -63.95269637, -18.34073641, 1, 1, '2021-04-11 14:43:45', '192.168.128.6', '2021-04-11 14:43:45');
INSERT INTO municipality(id_municipality, id_city, municipality, lon, lat, status, tx_id, tx_date, tx_host, tx_update) VALUES (null, 2, 'LAGUNILLAS', -63.66989141, -19.64771934, 1, 1, '2021-04-11 14:43:45', '192.168.128.6', '2021-04-11 14:43:45');
INSERT INTO municipality(id_municipality, id_city, municipality, lon, lat, status, tx_id, tx_date, tx_host, tx_update) VALUES (null, 2, 'GUTIÉRREZ', -63.5231877, -19.42017435, 1, 1, '2021-04-11 14:43:45', '192.168.128.6', '2021-04-11 14:43:45');
INSERT INTO municipality(id_municipality, id_city, municipality, lon, lat, status, tx_id, tx_date, tx_host, tx_update) VALUES (null, 2, 'CABEZAS', -63.30942566, -18.78657815, 1, 1, '2021-04-11 14:43:45', '192.168.128.6', '2021-04-11 14:43:45');
INSERT INTO municipality(id_municipality, id_city, municipality, lon, lat, status, tx_id, tx_date, tx_host, tx_update) VALUES (null, 2, 'CARMEN RIVERO TORREZ', -58.61812755, -18.82433701, 1, 1, '2021-04-11 14:43:45', '192.168.128.6', '2021-04-11 14:43:45');
INSERT INTO municipality(id_municipality, id_city, municipality, lon, lat, status, tx_id, tx_date, tx_host, tx_update) VALUES (null, 2, 'SAIPINA', -64.58271363, -18.09374101, 1, 1, '2021-04-11 14:43:45', '192.168.128.6', '2021-04-11 14:43:45');
INSERT INTO municipality(id_municipality, id_city, municipality, lon, lat, status, tx_id, tx_date, tx_host, tx_update) VALUES (null, 2, 'SAN RAFAEL', -60.68658829, -16.78383022, 1, 1, '2021-04-11 14:43:45', '192.168.128.6', '2021-04-11 14:43:45');
INSERT INTO municipality(id_municipality, id_city, municipality, lon, lat, status, tx_id, tx_date, tx_host, tx_update) VALUES (null, 2, 'CUEVO', -63.51929063, -20.45589547, 1, 1, '2021-04-11 14:43:45', '192.168.128.6', '2021-04-11 14:43:45');
INSERT INTO municipality(id_municipality, id_city, municipality, lon, lat, status, tx_id, tx_date, tx_host, tx_update) VALUES (null, 2, 'TRIGAL', -64.14842962, -18.30857414, 1, 1, '2021-04-11 14:43:45', '192.168.128.6', '2021-04-11 14:43:45');
INSERT INTO municipality(id_municipality, id_city, municipality, lon, lat, status, tx_id, tx_date, tx_host, tx_update) VALUES (null, 2, 'MORO MORO', -64.32359389, -18.36662598, 1, 1, '2021-04-11 14:43:45', '192.168.128.6', '2021-04-11 14:43:45');
INSERT INTO municipality(id_municipality, id_city, municipality, lon, lat, status, tx_id, tx_date, tx_host, tx_update) VALUES (null, 2, 'URUBICHA', -63.08276654, -15.62768597, 1, 1, '2021-04-11 14:43:45', '192.168.128.6', '2021-04-11 14:43:45');
INSERT INTO municipality(id_municipality, id_city, municipality, lon, lat, status, tx_id, tx_date, tx_host, tx_update) VALUES (null, 2, 'SAN ANTONIO DE LOMERIO', -61.80978927, -16.76908417, 1, 1, '2021-04-11 14:43:45', '192.168.128.6', '2021-04-11 14:43:45');
INSERT INTO municipality(id_municipality, id_city, municipality, lon, lat, status, tx_id, tx_date, tx_host, tx_update) VALUES (null, 2, 'SAN MATÍAS', -58.40735437, -16.37527568, 1, 1, '2021-04-11 14:43:45', '192.168.128.6', '2021-04-11 14:43:45');
INSERT INTO municipality(id_municipality, id_city, municipality, lon, lat, status, tx_id, tx_date, tx_host, tx_update) VALUES (null, 2, 'SAN MIGUEL DE VELASCO', -60.96376697, -16.70157236, 1, 1, '2021-04-11 14:43:45', '192.168.128.6', '2021-04-11 14:43:45');
INSERT INTO municipality(id_municipality, id_city, municipality, lon, lat, status, tx_id, tx_date, tx_host, tx_update) VALUES (null, 2, 'POSTRER VALLE', -63.84024357, -18.49691484, 1, 1, '2021-04-11 14:43:45', '192.168.128.6', '2021-04-11 14:43:45');
INSERT INTO municipality(id_municipality, id_city, municipality, lon, lat, status, tx_id, tx_date, tx_host, tx_update) VALUES (null, 2, 'PUCARA', -64.18460918, -18.71646159, 1, 1, '2021-04-11 14:43:45', '192.168.128.6', '2021-04-11 14:43:45');
INSERT INTO municipality(id_municipality, id_city, municipality, lon, lat, status, tx_id, tx_date, tx_host, tx_update) VALUES (null, 4, 'TARIJA', -64.73121489, -21.51853458, 1, 1, '2021-04-11 14:43:45', '192.168.128.6', '2021-04-11 14:43:45');
INSERT INTO municipality(id_municipality, id_city, municipality, lon, lat, status, tx_id, tx_date, tx_host, tx_update) VALUES (null, 4, 'YACUIBA', -63.67664509, -22.02269457, 1, 1, '2021-04-11 14:43:45', '192.168.128.6', '2021-04-11 14:43:45');
INSERT INTO municipality(id_municipality, id_city, municipality, lon, lat, status, tx_id, tx_date, tx_host, tx_update) VALUES (null, 4, 'BERMEJO', -64.31371412, -22.68308314, 1, 1, '2021-04-11 14:43:45', '192.168.128.6', '2021-04-11 14:43:45');
INSERT INTO municipality(id_municipality, id_city, municipality, lon, lat, status, tx_id, tx_date, tx_host, tx_update) VALUES (null, 4, 'VILLAMONTES', -63.45458635, -21.26033911, 1, 1, '2021-04-11 14:43:45', '192.168.128.6', '2021-04-11 14:43:45');
INSERT INTO municipality(id_municipality, id_city, municipality, lon, lat, status, tx_id, tx_date, tx_host, tx_update) VALUES (null, 4, 'SAN LORENZO', -64.75681834, -21.41020894, 1, 1, '2021-04-11 14:43:45', '192.168.128.6', '2021-04-11 14:43:45');
INSERT INTO municipality(id_municipality, id_city, municipality, lon, lat, status, tx_id, tx_date, tx_host, tx_update) VALUES (null, 4, 'CARAPARÍ', -63.74096544, -21.82930402, 1, 1, '2021-04-11 14:43:45', '192.168.128.6', '2021-04-11 14:43:45');
INSERT INTO municipality(id_municipality, id_city, municipality, lon, lat, status, tx_id, tx_date, tx_host, tx_update) VALUES (null, 4, 'PADCAYA', -64.71145085, -21.88883354, 1, 1, '2021-04-11 14:43:45', '192.168.128.6', '2021-04-11 14:43:45');
INSERT INTO municipality(id_municipality, id_city, municipality, lon, lat, status, tx_id, tx_date, tx_host, tx_update) VALUES (null, 4, 'ENTRE RIOS (LA MORETA)', -64.17486387, -21.52797333, 1, 1, '2021-04-11 14:43:45', '192.168.128.6', '2021-04-11 14:43:45');
INSERT INTO municipality(id_municipality, id_city, municipality, lon, lat, status, tx_id, tx_date, tx_host, tx_update) VALUES (null, 4, 'URIONDO', -64.65353238, -21.6952294, 1, 1, '2021-04-11 14:43:45', '192.168.128.6', '2021-04-11 14:43:45');
INSERT INTO municipality(id_municipality, id_city, municipality, lon, lat, status, tx_id, tx_date, tx_host, tx_update) VALUES (null, 4, 'TOMAYAPO (EL PUENTE)', -65.04500492, -21.26868514, 1, 1, '2021-04-11 14:43:45', '192.168.128.6', '2021-04-11 14:43:45');
INSERT INTO municipality(id_municipality, id_city, municipality, lon, lat, status, tx_id, tx_date, tx_host, tx_update) VALUES (null, 4, 'YUNCHARA', -65.25002533, -21.82443623, 1, 1, '2021-04-11 14:43:45', '192.168.128.6', '2021-04-11 14:43:45');
COMMIT;

--INSERTS NEWS
START TRANSACTION;
INSERT INTO `news` (id_news, news_title, description, news_date, news_images,news_url, status, tx_id, tx_date, tx_host, tx_update) VALUES (null, 'Polémica por retraso en la vacunación masiva contra Covid-19 en Bolivia','La vacunación masiva contra el Covid-19 debía despegar esta semana en Bolivia con los mayores de 60 años,pero afronta dificultades de coordinación, con polémicas sobre si hay o no suficientes vacunas, en medio de una huelga médica parcial que cumple 53 días y la frustración de mucha gente convocada a inmunizarse sin lograrlo.','2021-04-11',"https://s.france24.com/media/display/bb75a678-973a-11eb-867f-005056bff430/w:980/p:16x9/vacunas%20bolivia.webp","https://www.france24.com/es/am%C3%A9rica-latina/20210407-vacunacion-bolivia-retraso-suministros-arce", 1, 1,  '2021-04-11 14:43:45','192.168.31.150','2021-04-11 14:43:45');
INSERT INTO `news` (id_news, news_title, description, news_date, news_images,news_url, status, tx_id, tx_date, tx_host, tx_update) VALUES (null, 'Boliviano de 101 años sobrevive al COVID-19','Un hombre de 101 años de edad recibió el alta médica este sábado tras haber superado el COVID-19 y permanecer ingresado durante 22 días en un hospital de la ciudad boliviana de Cochabamba. El paciente, identificado como Daniel Jaldín, es cochabambino, vive en el asilo de ancianos El Buen Pastor y fue ingresado en el Hospital del Norte tras dar positivo en una prueba PCR, explicó a la agencia efe el director del centro de salud, José Luis Hidalgo.','2021-04-11',"https://static.dw.com/image/55542575_303.jpg","https://www.dw.com/es/boliviano-de-101-a%C3%B1os-sobrevive-al-covid-19/a-57029135", 1, 1,  '2021-04-11 14:43:45','192.168.31.150','2021-04-11 14:43:45');
INSERT INTO `news` (id_news, news_title, description, news_date, news_images,news_url, status, tx_id, tx_date, tx_host, tx_update) VALUES (null, 'Brasil, Colombia, Venezuela, Perú y áreas de Bolivia sufren un fuerte aumento de casos de COVID-19','América del Sur sigue siendo el epicentro de la pandemia en el continente americano y    se corre el riesgo de sufrir un repunte de casos más importante que durante el año pasado, advirtió este miércoles la Organización Panamericana de la Salud durante su rueda de prensa semanal donde analiza la evolución de la enfermedad La directora de la Organización, la doctora Carissa Etienne explicó que “el reciente incremento de casos en la Amazonía también se observa en los estados vecinos, y actualmente Brasil, Colombia, Venezuela, Perú y algunas áreas de Bolivia están experimentando un fuerte aumento en los casos de COVID','2021-04-11',"https://global.unitednations.entermediadb.net/assets/mediadb/services/module/asset/downloads/preset/Libraries/Production+Library/08-04-2021-UNICEF-UN0433280-Peru-vaccine.jpg/image1170x530cropped.jpg","https://news.un.org/es/story/2021/04/1490852", 1, 1,  '2021-04-11 14:43:45','192.168.31.150','2021-04-11 14:43:45');
INSERT INTO `news` (id_news, news_title, description, news_date, news_images,news_url, status, tx_id, tx_date, tx_host, tx_update) VALUES (null, 'Polémica por retraso en la vacunación masiva contra Covid-19 en Bolivia','Luego de realizar 9.818 pruebas este viernes, el Ministerio de Salud y Deportes detectó 1.246 nuevos contagios por Covid-19, lo que hizo ascender la cifra de positivos acumulados a 287.360, de los cuales 38.280 continúan activos en todo el país. Según el informe de la Dirección Nacional de Epidemiología, Santa Cruz es el epicentro de los nuevos infectados, pues registró 525 casos. Luego está La Paz con 218 nuevos enfermos, Cochabamba con 187, Tarija con 106 y Pando con 61. Mientras que en Beni se detectaron 52 casos, 50 en Chuquisaca, 29 en Oruro, y 18 en Potosí','2021-04-11',"https://static.eldeber.com.bo//Files/Sizes/2021/4/17/foto-abi-personas-esperando-pruebas-de-coronavirus-en-bolivia_930384531_1140x520.jpeg","https://eldeber.com.bo/pais/bolivia-reporta-1246-nuevos-contagios-de-covid-19-y-suman-38280-los-casos-activos_228360", 1, 1,  '2021-04-11 14:43:45','192.168.31.150','2021-04-11 14:43:45');
INSERT INTO `news` (id_news, news_title, description, news_date, news_images,news_url, status, tx_id, tx_date, tx_host, tx_update) VALUES (null, 'Polémica por retraso en la vacunación masiva contra Covid-19 en Bolivia','La vacunación masiva contra el Covid-19 debía despegar esta semana en Bolivia con los mayores de 60 años,pero afronta dificultades de coordinación, con polémicas sobre si hay o no suficientes vacunas, en medio de una huelga médica parcial que cumple 53 días y la frustración de mucha gente convocada a inmunizarse sin lograrlo.','2021-04-11',"https://s.france24.com/media/display/bb75a678-973a-11eb-867f-005056bff430/w:980/p:16x9/vacunas%20bolivia.webp","https://www.france24.com/es/am%C3%A9rica-latina/20210407-vacunacion-bolivia-retraso-suministros-arce", 1, 1,  '2021-04-11 14:43:45','192.168.31.150','2021-04-11 14:43:45');
INSERT INTO `news` (id_news, news_title, description, news_date, news_images,news_url, status, tx_id, tx_date, tx_host, tx_update) VALUES (null, 'Boliviano de 101 años sobrevive al COVID-19','Un hombre de 101 años de edad recibió el alta médica este sábado tras haber superado el COVID-19 y permanecer ingresado durante 22 días en un hospital de la ciudad boliviana de Cochabamba. El paciente, identificado como Daniel Jaldín, es cochabambino, vive en el asilo de ancianos El Buen Pastor y fue ingresado en el Hospital del Norte tras dar positivo en una prueba PCR, explicó a la agencia efe el director del centro de salud, José Luis Hidalgo.','2021-04-11',"https://static.dw.com/image/55542575_303.jpg","https://www.dw.com/es/boliviano-de-101-a%C3%B1os-sobrevive-al-covid-19/a-57029135", 1, 1,  '2021-04-11 14:43:45','192.168.31.150','2021-04-11 14:43:45');
INSERT INTO `news` (id_news, news_title, description, news_date, news_images,news_url, status, tx_id, tx_date, tx_host, tx_update) VALUES (null, 'Brasil, Colombia, Venezuela, Perú y áreas de Bolivia sufren un fuerte aumento de casos de COVID-19','América del Sur sigue siendo el epicentro de la pandemia en el continente americano y    se corre el riesgo de sufrir un repunte de casos más importante que durante el año pasado, advirtió este miércoles la Organización Panamericana de la Salud durante su rueda de prensa semanal donde analiza la evolución de la enfermedad La directora de la Organización, la doctora Carissa Etienne explicó que “el reciente incremento de casos en la Amazonía también se observa en los estados vecinos, y actualmente Brasil, Colombia, Venezuela, Perú y algunas áreas de Bolivia están experimentando un fuerte aumento en los casos de COVID','2021-04-11',"https://global.unitednations.entermediadb.net/assets/mediadb/services/module/asset/downloads/preset/Libraries/Production+Library/08-04-2021-UNICEF-UN0433280-Peru-vaccine.jpg/image1170x530cropped.jpg","https://news.un.org/es/story/2021/04/1490852", 1, 1,  '2021-04-11 14:43:45','192.168.31.150','2021-04-11 14:43:45');
INSERT INTO `news` (id_news, news_title, description, news_date, news_images,news_url, status, tx_id, tx_date, tx_host, tx_update) VALUES (null, 'Polémica por retraso en la vacunación masiva contra Covid-19 en Bolivia','Luego de realizar 9.818 pruebas este viernes, el Ministerio de Salud y Deportes detectó 1.246 nuevos contagios por Covid-19, lo que hizo ascender la cifra de positivos acumulados a 287.360, de los cuales 38.280 continúan activos en todo el país. Según el informe de la Dirección Nacional de Epidemiología, Santa Cruz es el epicentro de los nuevos infectados, pues registró 525 casos. Luego está La Paz con 218 nuevos enfermos, Cochabamba con 187, Tarija con 106 y Pando con 61. Mientras que en Beni se detectaron 52 casos, 50 en Chuquisaca, 29 en Oruro, y 18 en Potosí','2021-04-11',"https://static.eldeber.com.bo//Files/Sizes/2021/4/17/foto-abi-personas-esperando-pruebas-de-coronavirus-en-bolivia_930384531_1140x520.jpeg","https://eldeber.com.bo/pais/bolivia-reporta-1246-nuevos-contagios-de-covid-19-y-suman-38280-los-casos-activos_228360", 1, 1,  '2021-04-11 14:43:45','192.168.31.150','2021-04-11 14:43:45');
COMMIT;

-- INSERTS URL
START TRANSACTION;
INSERT INTO `page_url`(`id_page_url`, `url`, `status`, `tx_id`, `tx_date`, `tx_host`, `tx_update`) VALUES (null,'https://covid19.who.int/WHO-COVID-19-global-table-data.csv',1,1,'2021-04-11 14:43:45','192.168.31.150','2021-04-11 14:43:45');
INSERT INTO `page_url`(`id_page_url`, `url`, `status`, `tx_id`, `tx_date`, `tx_host`, `tx_update`) VALUES (null,'https://opendata.arcgis.com/datasets/89873d02cfef44928668711cae827105_0.csv?outSR=%7B%22latestWkid%22%3A4326%2C%22wkid%22%3A4326%7D',1,1,'2021-04-11 14:43:45','192.168.31.150','2021-04-11 14:43:45');
INSERT INTO `page_url`(`id_page_url`, `url`, `status`, `tx_id`, `tx_date`, `tx_host`, `tx_update`) VALUES (null,'https://github.com/CSSEGISandData/COVID-19/tree/master/csse_covid_19_data/csse_covid_19_daily_reports',1,1,'2021-04-11 14:43:45','192.168.31.150','2021-04-11 14:43:45');
INSERT INTO `page_url`(`id_page_url`, `url`, `status`, `tx_id`, `tx_date`, `tx_host`, `tx_update`) VALUES (null,'https://datos.gob.bo/dataset/8e2ef657-cfc3-44e1-8552-4a4883aa484e/resource/30cdcb68-ec87-42fb-b4a9-087d81f186c6/download/consolidado_covid_19-mun_se.csv',1,1,'2021-04-11 14:43:45','192.168.31.150','2021-04-11 14:43:45');
INSERT INTO `page_url`(`id_page_url`, `url`, `status`, `tx_id`, `tx_date`, `tx_host`, `tx_update`) VALUES (null,'https://disease.sh/v3/covid-19/historical/Bolivia?lastdays',1,1,'2021-04-11 14:43:45','192.168.31.150','2021-04-11 14:43:45');
INSERT INTO `page_url`(`id_page_url`, `url`, `status`, `tx_id`, `tx_date`, `tx_host`, `tx_update`) VALUES (null,'https://siip.produccion.gob.bo/repSIIP2/JsonAjaxCovid.php?flag=contagiados',1,1,'2021-04-11 14:43:45','192.168.31.150','2021-04-11 14:43:45');
INSERT INTO `page_url`(`id_page_url`, `url`, `status`, `tx_id`, `tx_date`, `tx_host`, `tx_update`) VALUES (null,'https://disease.sh/v3/covid-19/vaccine/coverage/countries/Bolivia?lastdays',1,1,'2021-04-11 14:43:45','192.168.31.150','2021-04-11 14:43:45');
COMMIT;